,Company,Type,ScreenRes,CPU,RAM_GB,Storage,GPU,OS,Weight_KG,Rating,Size_CM
0,1,4,23,65,2.1972245773362196,4,58,8,1.37,0,33.782000000000004
1,1,4,1,63,2.1972245773362196,2,51,8,1.34,1,33.782000000000004
2,7,3,8,74,2.1972245773362196,16,53,4,1.86,1,39.624
3,1,4,25,85,2.833213344056216,29,9,8,1.83,0,39.116
4,1,4,23,67,2.1972245773362196,16,59,8,1.37,0,38.14676887519259
5,0,3,0,14,1.6094379124341003,26,17,5,2.1,1,39.624
6,1,4,25,84,2.833213344056216,15,60,3,2.04,0,39.116
7,1,4,1,63,2.1972245773362196,15,51,8,1.34,0,33.782000000000004
8,2,4,8,106,2.833213344056216,29,98,5,1.3,0,35.56
9,0,4,15,83,2.1972245773362196,16,61,5,1.6,1,35.56
10,7,3,0,74,1.6094379124341003,26,53,4,1.86,1,39.624
11,7,3,8,56,1.6094379124341003,26,47,4,1.86,1,39.624
12,1,4,25,86,2.833213344056216,16,10,8,1.83,0,39.116
13,4,3,8,56,1.6094379124341003,16,24,5,2.2,1,39.624
14,1,4,22,51,2.1972245773362196,16,52,8,0.92,0,30.48
15,1,4,23,65,2.1972245773362196,16,58,8,1.37,0,33.782000000000004
16,4,3,8,97,2.1972245773362196,16,24,5,2.2,1,39.624
17,1,3,25,87,2.833213344056216,29,11,8,1.83,0,39.116
18,10,3,8,59,2.1972245773362196,10,72,4,2.2,1,39.624
19,4,4,13,83,2.1972245773362196,4,61,5,1.22,0,33.782000000000004
20,2,2,0,30,1.0986122886681098,23,41,5,0.98,1,29.464
21,10,1,15,77,2.1972245773362196,5,75,5,2.5,0,39.624
22,7,3,0,22,1.6094379124341003,26,12,4,1.86,1,39.624
23,4,0,7,83,2.1972245773362196,16,61,5,1.62,1,33.782000000000004
24,7,4,8,106,2.1972245773362196,16,53,5,1.91,1,39.624
25,4,3,0,56,1.6094379124341003,10,47,5,2.3,1,39.624
26,1,4,1,62,2.1972245773362196,2,51,3,1.35,0,33.782000000000004
27,4,3,8,83,2.1972245773362196,16,7,5,2.2,1,39.624
28,4,4,8,107,2.1972245773362196,19,61,5,1.88,0,39.624
29,7,3,8,83,2.1972245773362196,10,69,5,2.5,1,43.942
30,3,3,8,29,1.6094379124341003,35,40,5,1.89,1,39.624
31,2,3,0,20,1.0986122886681098,23,12,5,1.65,1,35.56
32,7,3,8,8,1.6094379124341003,26,7,5,2.71,1,43.942
33,4,4,35,106,2.833213344056216,29,61,5,1.2,0,33.782000000000004
34,1,4,1,62,2.1972245773362196,15,51,3,1.35,0,33.782000000000004
35,10,3,0,37,1.6094379124341003,35,43,5,1.44,1,35.56
36,0,3,0,60,1.6094379124341003,10,53,2,2.1,1,39.624
37,4,3,15,83,2.1972245773362196,5,7,5,2.8,0,43.942
38,7,3,0,74,1.6094379124341003,10,53,5,1.86,1,39.624
39,7,3,8,83,2.1972245773362196,16,70,5,2.1,1,39.624
40,2,3,8,56,1.6094379124341003,10,53,2,2.0,1,39.624
41,4,1,15,102,2.833213344056216,18,79,5,2.65,0,39.624
42,2,3,0,74,2.1972245773362196,10,72,2,2.3,1,39.624
43,0,3,15,83,1.6094379124341003,16,61,5,2.2,1,39.624
44,4,0,7,83,2.5649493574615367,10,63,5,2.77,0,43.942
45,1,4,23,64,2.1972245773362196,16,56,8,1.37,0,33.782000000000004
46,10,3,0,56,1.6094379124341003,4,47,4,2.2,1,39.624
47,2,1,8,26,2.1972245773362196,18,37,5,3.2,0,43.942
48,4,3,8,74,1.6094379124341003,16,24,5,2.3,1,39.624
49,2,3,0,113,1.6094379124341003,10,66,5,2.8,1,43.942
50,10,0,28,31,1.6094379124341003,35,41,0,0.69,1,25.654
51,0,3,15,106,2.1972245773362196,16,98,5,2.2,1,39.624
52,7,3,8,8,1.6094379124341003,16,16,5,1.86,1,39.624
53,7,3,8,106,2.1972245773362196,29,61,5,1.49,0,33.782000000000004
54,0,3,0,59,1.6094379124341003,10,53,5,2.4,1,39.624
55,4,3,8,106,2.1972245773362196,16,6,5,2.13,1,39.624
56,7,3,8,56,1.6094379124341003,4,47,5,1.91,1,39.624
57,2,3,0,74,1.6094379124341003,16,53,5,2.0,1,39.624
58,11,1,8,102,2.833213344056216,20,80,5,2.43,0,43.942
59,2,3,8,56,1.6094379124341003,16,47,2,2.0,1,39.624
60,4,3,8,106,2.833213344056216,20,7,5,2.8,0,43.942
61,4,4,8,83,2.1972245773362196,16,61,5,1.7,1,35.56
62,10,3,15,60,2.1972245773362196,16,53,4,1.7,1,35.56
63,2,3,8,83,2.1972245773362196,16,61,5,1.4,1,35.56
64,7,3,8,74,2.1972245773362196,16,53,5,1.86,1,39.624
65,2,4,8,102,2.833213344056216,29,76,5,1.8,0,39.624
66,7,3,0,56,1.6094379124341003,26,6,5,1.86,1,39.624
67,7,3,0,36,1.6094379124341003,25,41,5,1.44,1,35.56
68,10,3,8,74,1.6094379124341003,10,53,5,1.9,1,39.624
69,2,1,8,102,2.5649493574615367,10,76,2,3.0,1,43.942
70,13,4,37,74,1.6094379124341003,4,53,6,1.252,0,34.29
71,4,4,15,106,2.1972245773362196,16,7,5,1.4,1,33.782000000000004
72,4,3,8,106,2.1972245773362196,16,7,5,2.2,1,39.624
73,11,1,8,77,2.1972245773362196,5,75,5,2.7,0,43.942
74,0,3,0,56,2.1972245773362196,10,47,5,2.1,1,35.56
75,2,1,8,102,2.1972245773362196,10,75,5,2.2,1,39.624
76,10,3,8,74,2.1972245773362196,22,53,4,2.2,1,39.624
77,4,3,8,106,2.1972245773362196,5,61,5,2.02,1,39.624
78,0,3,8,60,1.6094379124341003,10,97,5,2.2,1,39.624
79,7,3,8,83,2.1972245773362196,5,69,5,2.5,0,43.942
80,4,4,15,83,2.2383446513019924,16,61,5,1.88,0,39.624
81,1,4,22,61,2.1972245773362196,29,52,5,0.92,0,30.48
82,7,3,8,83,2.1972245773362196,16,53,5,1.63,1,35.56
83,10,3,8,8,1.6094379124341003,4,5,5,2.2,1,39.624
84,0,3,0,14,1.6094379124341003,10,17,5,2.1,1,39.624
85,4,1,15,102,2.833213344056216,5,76,5,2.65,0,39.624
86,7,4,15,106,2.1972245773362196,16,85,5,1.83,1,39.624
87,7,3,8,74,2.1972245773362196,16,53,5,1.96,1,39.624
88,2,1,15,102,2.833213344056216,5,79,5,2.2,0,39.624
89,4,4,15,106,2.1972245773362196,16,61,5,1.21,0,33.782000000000004
90,2,1,8,24,2.1972245773362196,10,36,5,2.45,1,39.624
91,0,3,8,106,2.1972245773362196,10,98,5,2.2,1,39.624
92,7,3,8,106,2.833213344056216,29,61,5,1.49,0,33.782000000000004
93,4,1,8,77,2.1972245773362196,16,79,5,2.65,0,39.624
94,2,4,8,97,2.1972245773362196,16,53,5,1.25,0,35.56
95,0,0,13,83,2.1972245773362196,16,61,5,1.5,1,33.782000000000004
96,4,3,8,97,2.1972245773362196,10,24,2,2.2,1,39.624
97,4,3,8,56,1.6094379124341003,16,24,2,2.2,1,39.624
98,2,3,8,59,1.9459101490553132,16,65,5,2.0,1,39.624
99,7,1,15,102,2.5649493574615367,5,75,5,2.62,0,39.624
100,7,3,8,97,2.1972245773362196,16,7,5,1.91,1,39.624
101,7,3,8,22,1.6094379124341003,26,12,5,2.1,1,39.624
102,4,3,8,83,2.1972245773362196,10,6,2,2.2,1,39.624
103,7,4,15,97,2.1972245773362196,16,98,5,1.38,0,33.782000000000004
104,13,4,37,74,2.1972245773362196,16,53,6,1.252,0,34.29
105,7,3,15,74,1.9459101490553132,16,72,5,1.58,1,35.56
106,10,3,8,56,1.6094379124341003,10,47,5,1.85,1,39.624
107,2,4,15,97,2.1972245773362196,16,72,5,1.3,0,35.56
108,11,1,8,102,2.833213344056216,18,76,5,2.2,0,39.624
109,10,3,15,97,2.1972245773362196,16,53,5,1.58,0,35.56
110,2,4,8,106,2.833213344056216,18,98,5,1.5,0,39.624
111,4,4,31,98,2.1972245773362196,16,58,5,1.23,0,33.782000000000004
112,10,0,13,74,2.1972245773362196,16,53,5,1.37,0,33.782000000000004
113,7,3,9,83,1.6094379124341003,26,61,5,1.63,1,35.56
114,4,4,15,83,2.1972245773362196,16,61,5,1.21,0,33.782000000000004
115,7,0,13,83,2.1972245773362196,16,61,5,1.26,0,33.782000000000004
116,7,3,8,106,2.1972245773362196,29,61,5,1.63,0,35.56
117,4,3,15,106,2.1972245773362196,18,72,5,2.16,0,39.624
118,2,3,8,56,1.6094379124341003,10,66,5,2.0,1,43.942
119,2,3,8,106,2.1972245773362196,16,72,5,1.7,0,39.624
120,0,3,13,59,1.9459101490553132,10,53,5,2.1,1,39.624
121,11,1,8,102,2.833213344056216,20,80,5,1.8,0,39.624
122,10,3,8,74,2.1972245773362196,16,72,4,2.2,1,39.624
123,7,3,8,106,2.833213344056216,29,70,5,2.5,0,43.942
124,0,3,0,14,1.6094379124341003,16,17,5,2.1,1,39.624
125,7,3,0,36,1.6094379124341003,26,41,4,1.86,1,39.624
126,7,3,8,83,2.1972245773362196,10,61,5,1.63,1,35.56
127,2,3,0,16,1.6094379124341003,37,12,6,1.65,1,35.56
128,4,3,8,106,2.833213344056216,20,7,5,2.8,0,43.942
129,7,3,8,83,2.1972245773362196,16,61,5,2.5,1,43.942
130,4,3,0,74,2.1972245773362196,10,30,5,2.36,1,39.624
131,4,3,8,56,1.6094379124341003,10,24,5,2.2,1,39.624
132,0,4,15,106,2.1972245773362196,16,61,5,1.6,1,35.56
133,0,3,8,60,1.6094379124341003,16,97,5,2.2,1,39.624
134,7,3,0,97,2.1972245773362196,10,53,5,2.05,1,39.624
135,7,3,8,106,2.1972245773362196,16,61,5,1.63,0,35.56
136,10,3,0,37,1.6094379124341003,10,43,4,1.9,1,39.624
137,2,1,8,77,2.1972245773362196,5,75,5,3.0,1,43.942
138,10,3,8,74,1.6094379124341003,10,66,4,2.2,1,39.624
139,7,3,15,74,1.6094379124341003,16,53,5,1.32,1,33.782000000000004
140,0,3,15,60,1.6094379124341003,10,97,5,3.0,1,43.942
141,10,3,15,83,2.1972245773362196,16,35,5,1.75,0,35.56
142,10,1,15,102,2.1972245773362196,16,77,4,2.4,1,39.624
143,16,3,0,68,1.6094379124341003,26,47,5,2.1,1,39.624
144,7,3,0,8,1.6094379124341003,16,16,5,1.86,1,39.624
145,2,4,8,106,2.1972245773362196,16,61,5,1.25,0,35.56
146,7,4,11,47,2.1972245773362196,29,46,5,0.97,0,31.75
147,2,3,8,37,1.6094379124341003,10,43,5,2.0,1,39.624
148,11,1,8,102,2.833213344056216,18,80,5,2.9,0,43.942
149,0,3,0,56,1.6094379124341003,10,47,5,2.1,1,39.624
150,4,1,8,102,2.833213344056216,29,75,5,2.56,0,39.624
151,4,1,8,102,2.1972245773362196,1,75,5,2.62,1,39.624
152,10,3,0,74,1.6094379124341003,4,53,5,1.9,1,39.624
153,11,1,8,102,2.833213344056216,18,79,5,2.8,0,43.942
154,7,4,8,80,1.6094379124341003,16,53,5,1.48,0,35.56
155,7,3,8,83,1.9459101490553132,16,6,5,1.91,1,39.624
156,10,0,13,59,1.6094379124341003,16,53,5,1.74,1,35.56
157,2,0,7,83,2.1972245773362196,16,53,5,1.1,0,33.782000000000004
158,4,0,7,106,2.1972245773362196,16,61,5,1.56,0,39.624
159,16,3,0,55,1.6094379124341003,26,47,5,2.1,1,39.624
160,2,3,0,14,1.6094379124341003,10,22,5,2.03,1,39.624
161,0,3,15,83,1.6094379124341003,16,98,5,3.0,1,43.942
162,4,3,8,83,2.1972245773362196,16,6,5,2.13,1,39.624
163,10,1,15,102,2.833213344056216,16,76,5,2.5,0,39.624
164,0,3,0,37,1.6094379124341003,10,43,5,2.1,1,39.624
165,11,1,15,102,2.833213344056216,18,79,5,2.4,0,39.624
166,0,3,0,113,1.6094379124341003,10,44,5,2.1,1,39.624
167,4,1,8,102,2.1972245773362196,5,75,5,2.56,0,39.624
168,0,3,15,83,2.1972245773362196,16,98,5,3.0,1,43.942
169,7,3,15,83,1.6094379124341003,26,61,5,1.49,1,33.782000000000004
170,8,4,17,74,2.1972245773362196,16,53,5,1.05,0,33.02
171,7,3,15,74,1.9459101490553132,22,6,5,2.71,1,43.942
172,10,3,0,9,1.6094379124341003,26,16,4,2.2,1,39.624
173,16,3,0,59,1.6094379124341003,26,53,5,2.0,1,39.624
174,7,3,8,83,2.1972245773362196,16,69,5,2.5,1,43.942
175,4,3,0,59,2.1972245773362196,10,53,5,2.3,1,39.624
176,0,3,0,56,1.6094379124341003,4,47,5,2.1,1,39.624
177,11,1,8,95,3.4965075614664802,31,62,5,4.4,0,46.736
178,10,3,8,74,2.1972245773362196,5,4,5,1.9,1,38.14676887519259
179,4,0,11,83,2.1972245773362196,16,61,5,1.29,0,33.782000000000004
180,4,3,8,106,2.833213344056216,20,7,2,2.02,0,39.624
181,4,4,8,83,2.1972245773362196,16,61,5,1.23,0,33.782000000000004
182,10,0,11,106,2.833213344056216,29,61,5,1.4,0,35.306000000000004
183,16,3,0,74,2.1972245773362196,4,53,5,2.0,1,39.624
184,18,3,15,83,2.1972245773362196,16,98,4,1.95,0,39.624
185,4,3,7,106,2.833213344056216,29,63,5,2.77,0,43.942
186,4,3,5,102,2.833213344056216,29,75,5,2.06,0,39.624
187,10,1,15,77,2.1972245773362196,16,75,4,2.4,1,39.624
188,0,4,15,81,2.1972245773362196,16,52,5,1.12,0,33.782000000000004
189,4,3,8,106,2.1972245773362196,5,7,5,2.8,0,43.942
190,10,0,39,97,2.833213344056216,12,53,5,1.42,0,35.56
191,17,3,15,37,1.6094379124341003,23,43,5,1.3,1,35.56
192,18,4,15,74,2.1972245773362196,16,98,4,1.3,0,33.782000000000004
193,10,3,2,83,2.1972245773362196,16,98,4,2.8,1,43.942
194,4,0,13,106,2.1972245773362196,10,61,5,1.62,1,33.782000000000004
195,7,3,15,83,2.1972245773362196,10,69,5,2.5,1,43.942
196,14,1,5,103,3.4965075614664802,12,82,5,3.49,0,43.942
197,7,3,8,83,2.1972245773362196,29,61,5,1.49,0,33.782000000000004
198,7,1,15,102,2.833213344056216,18,75,5,3.35,0,43.942
199,7,3,8,106,2.1972245773362196,16,70,5,2.5,0,43.942
200,4,1,12,102,2.833213344056216,31,79,5,2.65,0,39.624
201,10,3,0,68,1.6094379124341003,4,47,5,2.1,1,39.624
202,0,3,8,97,2.1972245773362196,10,72,5,2.23,1,39.624
203,10,1,15,102,2.833213344056216,31,79,5,3.2,0,39.624
204,4,5,6,114,2.833213344056216,18,101,5,2.8,0,39.624
205,10,1,8,102,2.833213344056216,29,79,4,2.4,0,39.624
206,4,3,36,59,1.9459101490553132,10,53,5,2.3,1,39.624
207,4,4,11,106,2.1972245773362196,16,61,5,1.21,0,33.782000000000004
208,4,4,8,106,2.1972245773362196,16,61,5,1.2,0,33.782000000000004
209,10,3,0,74,2.1972245773362196,16,53,5,2.2,1,39.624
210,0,3,8,102,2.1972245773362196,10,75,2,2.4,1,39.624
211,2,1,8,102,2.833213344056216,18,75,5,2.9,0,43.942
212,7,3,8,56,1.6094379124341003,26,47,4,2.1,1,39.624
213,10,3,8,74,2.1972245773362196,16,53,4,2.2,1,39.624
214,8,4,17,97,2.1972245773362196,29,53,5,1.05,0,33.02
215,4,4,15,106,2.1972245773362196,16,7,5,1.4,1,33.782000000000004
216,10,3,2,74,2.1972245773362196,10,85,4,2.8,1,43.942
217,7,3,8,106,2.1972245773362196,16,69,5,1.63,0,35.56
218,4,4,8,83,2.1972245773362196,16,61,5,1.6,0,35.56
219,4,0,7,106,2.833213344056216,29,61,5,1.62,0,33.782000000000004
220,4,3,8,83,2.1972245773362196,16,6,2,2.2,1,39.624
221,10,0,15,83,2.1972245773362196,16,61,5,1.74,1,38.14676887519259
222,16,4,8,89,2.1972245773362196,16,47,5,1.2,0,33.782000000000004
223,7,3,8,83,2.1972245773362196,10,61,5,2.1,1,39.624
224,4,1,15,102,2.2383446513019924,18,79,5,4.42,0,43.942
225,0,3,8,97,2.1972245773362196,16,72,5,2.2,1,39.624
226,4,3,7,97,2.833213344056216,10,30,5,2.3,1,39.624
227,2,3,8,74,2.1972245773362196,16,67,5,2.0,1,39.624
228,2,3,8,74,2.1972245773362196,21,86,5,2.69,1,43.942
229,7,3,8,97,2.1972245773362196,10,1,5,1.9,0,39.624
230,2,3,0,59,1.6094379124341003,10,53,5,2.37,1,39.624
231,7,3,0,19,1.6094379124341003,26,12,5,2.1,1,39.624
232,10,1,15,102,2.833213344056216,18,79,5,3.2,0,39.624
233,4,3,8,74,2.1972245773362196,16,53,5,1.6,1,35.56
234,0,0,13,68,2.1972245773362196,16,47,5,1.6,1,33.782000000000004
235,4,3,8,97,2.833213344056216,16,30,2,2.36,1,39.624
236,0,3,0,56,1.6094379124341003,10,47,2,2.1,1,39.624
237,2,3,8,2,1.6094379124341003,5,24,5,2.2,1,39.624
238,2,1,8,103,3.4965075614664802,31,82,5,4.7,0,43.942
239,0,1,15,77,2.1972245773362196,16,75,5,2.5,1,39.624
240,10,3,0,56,2.1972245773362196,4,47,5,2.2,1,39.624
241,2,3,8,106,2.1972245773362196,5,63,5,2.1,0,43.942
242,2,3,8,97,2.1972245773362196,5,86,4,2.69,1,43.942
243,4,1,8,77,2.1972245773362196,16,75,5,2.56,1,39.624
244,10,0,13,97,2.1972245773362196,16,53,5,1.38,0,35.306000000000004
245,4,3,8,106,2.1972245773362196,6,7,5,2.2,0,39.624
246,7,3,36,74,2.1972245773362196,10,53,5,2.04,1,39.624
247,2,1,8,103,2.833213344056216,16,82,5,3.6,0,43.942
248,7,3,15,83,1.6094379124341003,26,61,5,1.49,1,33.782000000000004
249,1,4,23,67,2.1972245773362196,29,59,8,1.37,0,33.782000000000004
250,4,0,13,106,2.1972245773362196,10,61,5,2.08,1,39.624
251,2,1,8,102,2.833213344056216,18,93,5,4.3,0,43.942
252,2,3,0,14,1.6094379124341003,10,22,5,1.68,1,39.624
253,10,0,13,106,2.1972245773362196,29,61,5,1.37,0,35.306000000000004
254,0,3,15,60,1.6094379124341003,16,97,5,3.0,1,43.942
255,4,4,8,83,2.1972245773362196,16,61,5,1.41,1,33.782000000000004
256,7,3,0,10,2.1972245773362196,4,16,5,1.91,1,39.624
257,7,3,15,106,2.833213344056216,10,98,5,2.9,0,43.942
258,11,1,8,102,2.833213344056216,31,80,5,4.14,0,43.942
259,10,0,13,102,2.1972245773362196,29,77,5,2.0,0,39.624
260,4,3,8,106,2.1972245773362196,5,7,5,2.8,0,43.942
261,10,3,8,56,1.6094379124341003,16,47,4,2.2,1,39.624
262,7,3,15,83,1.6094379124341003,26,53,5,2.1,1,39.624
263,4,3,8,74,1.6094379124341003,10,53,5,2.18,1,39.624
264,4,3,8,74,2.1972245773362196,10,24,5,2.24,1,39.624
265,4,0,7,83,2.1972245773362196,16,61,5,2.67,1,39.624
266,2,0,7,106,2.1972245773362196,34,61,5,1.1,0,33.782000000000004
267,10,3,8,74,1.6094379124341003,10,53,4,2.2,1,39.624
268,7,3,8,106,2.1972245773362196,10,70,5,2.5,0,43.942
269,10,3,8,106,2.1972245773362196,16,61,5,2.05,1,39.624
270,1,4,23,66,2.1972245773362196,29,57,8,1.37,0,33.782000000000004
271,2,1,8,26,2.833213344056216,18,37,5,3.2,0,43.942
272,4,3,8,106,2.1972245773362196,16,6,5,2.14,1,39.624
273,10,0,39,91,2.833213344056216,29,47,5,1.36,0,35.56
274,16,3,0,89,2.1972245773362196,26,68,5,2.2,1,39.624
275,4,3,0,97,2.5649493574615367,10,53,5,2.3,1,39.624
276,4,3,8,106,2.1972245773362196,5,7,2,2.8,0,43.942
277,0,3,15,106,2.1972245773362196,10,97,5,2.2,1,39.624
278,10,3,2,56,1.6094379124341003,10,47,5,2.8,1,43.942
279,10,3,8,106,2.1972245773362196,22,98,4,2.8,1,43.942
280,10,3,2,97,1.9459101490553132,5,72,5,2.8,1,43.942
281,4,3,8,54,1.6094379124341003,10,24,2,2.25,1,39.624
282,10,1,15,77,2.1972245773362196,16,75,5,2.5,1,39.624
283,10,3,8,74,1.9459101490553132,16,53,5,2.2,1,39.624
284,0,3,15,106,2.1972245773362196,16,98,5,3.0,1,39.624
285,0,3,13,97,2.5649493574615367,10,53,5,2.15,1,39.624
286,10,3,15,97,2.1972245773362196,16,55,5,1.95,0,39.624
287,2,4,8,74,2.1972245773362196,16,72,5,1.7,0,39.624
288,10,1,15,102,2.833213344056216,18,76,5,2.5,0,39.624
289,10,3,8,97,2.1972245773362196,10,72,4,2.2,1,39.624
290,0,3,0,32,1.0986122886681098,8,40,1,2.19,1,39.624
291,2,1,8,102,2.1972245773362196,10,75,5,3.0,0,43.942
292,7,3,2,56,2.1972245773362196,10,47,5,2.54,1,43.942
293,4,3,8,102,2.1972245773362196,16,75,5,2.0,0,39.624
294,10,3,8,83,2.1972245773362196,16,61,5,2.05,1,39.624
295,10,1,15,102,2.1972245773362196,10,79,5,3.2,0,39.624
296,0,3,8,102,2.1972245773362196,16,76,2,2.5,0,39.624
297,4,5,8,104,2.833213344056216,16,101,5,3.42,0,43.942
298,10,3,8,0,1.9459101490553132,10,18,5,2.4,1,39.624
299,2,4,8,97,2.833213344056216,29,72,5,1.63,0,39.624
300,2,3,0,59,1.6094379124341003,4,53,5,1.3,1,35.56
301,2,1,8,102,2.833213344056216,18,80,5,2.9,0,43.942
302,10,3,2,74,1.9459101490553132,10,84,5,2.8,1,43.942
303,10,3,0,74,2.1972245773362196,22,72,4,2.2,1,39.624
304,2,1,8,102,2.1972245773362196,5,76,5,2.5,0,39.624
305,10,3,0,113,1.6094379124341003,10,44,4,2.2,1,39.624
306,7,0,7,99,2.833213344056216,16,53,5,1.28,0,33.782000000000004
307,16,3,15,89,2.1972245773362196,16,68,5,2.2,0,39.624
308,10,3,8,74,2.1972245773362196,5,72,5,2.3,1,39.624
309,7,3,8,56,1.6094379124341003,10,47,5,1.86,1,39.624
310,10,3,15,74,2.1972245773362196,16,53,5,1.1,0,33.782000000000004
311,4,4,11,106,2.833213344056216,12,61,5,1.21,0,33.782000000000004
312,11,1,15,102,2.833213344056216,18,80,5,2.8,0,39.624
313,0,3,8,11,2.1972245773362196,16,17,5,2.23,1,39.624
314,2,0,36,37,1.0986122886681098,23,43,5,1.1,1,29.464
315,4,3,8,83,2.1972245773362196,5,7,5,2.33,1,39.624
316,7,0,11,106,2.833213344056216,12,61,5,1.29,0,33.782000000000004
317,10,3,0,33,1.6094379124341003,7,45,1,1.45,1,33.782000000000004
318,7,3,8,74,2.1972245773362196,16,53,5,1.95,0,35.56
319,0,3,0,112,1.6094379124341003,2,42,5,1.4,1,29.464
320,7,3,8,97,2.1972245773362196,16,53,5,1.48,0,35.56
321,10,3,2,74,1.6094379124341003,10,66,5,2.79,1,43.942
322,2,3,8,97,2.1972245773362196,16,53,5,2.0,0,35.56
323,7,3,14,106,2.1972245773362196,10,61,5,2.1,1,39.624
324,0,3,0,4,2.1972245773362196,16,34,5,2.2,1,39.624
325,10,3,0,37,1.6094379124341003,23,43,5,1.44,1,35.56
326,0,3,0,74,1.9459101490553132,10,53,5,2.23,1,39.624
327,2,4,8,97,2.1972245773362196,16,72,5,1.7,0,39.624
328,7,4,8,97,2.1972245773362196,16,53,5,1.26,0,31.75
329,4,3,5,102,3.4965075614664802,12,75,5,2.06,0,39.624
330,11,1,8,102,2.1972245773362196,18,76,5,2.7,0,43.942
331,16,3,15,74,2.1972245773362196,16,53,5,2.0,1,39.624
332,2,3,8,97,2.1972245773362196,18,53,5,2.0,0,35.56
333,10,3,8,56,1.6094379124341003,10,47,5,1.85,1,39.624
334,2,1,8,102,2.1972245773362196,16,75,5,2.5,0,39.624
335,7,3,8,78,2.1972245773362196,16,53,5,1.48,0,35.56
336,4,4,15,83,2.1972245773362196,5,72,5,1.9,0,39.624
337,7,3,8,74,2.1972245773362196,16,53,5,1.84,0,39.624
338,2,3,0,37,1.6094379124341003,10,43,2,2.0,1,39.624
339,4,3,8,83,2.1972245773362196,16,72,5,2.0,0,39.624
340,4,3,0,36,1.6094379124341003,26,40,2,2.2,1,39.624
341,10,3,8,5,2.5649493574615367,22,7,5,2.2,1,39.624
342,7,3,15,59,2.1972245773362196,10,70,5,2.1,1,39.624
343,10,0,11,106,2.833213344056216,29,61,5,1.4,0,35.306000000000004
344,4,4,8,106,2.1972245773362196,16,61,5,1.2,0,33.782000000000004
345,10,1,15,102,2.833213344056216,20,76,5,2.4,0,39.624
346,7,3,0,36,1.0986122886681098,23,41,5,1.44,1,35.56
347,4,4,8,107,2.833213344056216,32,61,5,1.88,0,39.624
348,2,0,36,37,1.6094379124341003,23,43,5,1.5,1,29.464
349,4,4,8,83,2.1972245773362196,10,7,5,1.9,1,39.624
350,4,3,5,102,2.833213344056216,29,75,5,2.06,0,39.624
351,7,3,8,97,2.1972245773362196,16,53,5,1.84,0,39.624
352,11,1,8,102,2.1972245773362196,5,79,5,2.7,0,43.942
353,7,5,8,102,2.1972245773362196,16,101,5,2.6,0,39.624
354,16,3,15,89,2.833213344056216,29,68,5,2.4,0,39.624
355,4,3,8,106,2.1972245773362196,6,7,5,2.02,0,39.624
356,10,3,0,37,1.6094379124341003,10,43,4,2.2,1,39.624
357,4,1,8,77,2.1972245773362196,10,75,5,2.65,0,39.624
358,4,3,36,74,2.1972245773362196,22,53,5,2.36,1,39.624
359,4,3,8,78,2.1972245773362196,16,53,5,1.36,0,35.56
360,7,3,0,56,1.6094379124341003,26,47,5,1.86,1,39.624
361,2,3,8,74,2.1972245773362196,16,53,5,2.0,1,35.56
362,10,3,2,74,1.9459101490553132,5,85,5,2.8,1,43.942
363,7,3,8,74,2.1972245773362196,10,53,5,1.86,1,39.624
364,10,3,0,56,2.1972245773362196,16,67,4,2.2,1,39.624
365,7,3,0,112,2.1972245773362196,22,42,5,2.04,1,39.624
366,4,3,8,83,2.1972245773362196,5,7,5,2.8,0,43.942
367,10,1,15,77,2.1972245773362196,5,75,4,2.4,1,39.624
368,4,3,8,97,2.1972245773362196,16,30,5,2.33,1,39.624
369,7,4,15,97,2.1972245773362196,16,53,5,1.36,0,35.56
370,2,0,7,97,2.5649493574615367,33,74,5,2.26,0,39.624
371,0,3,0,14,1.6094379124341003,4,17,5,2.1,1,39.624
372,2,1,15,26,2.833213344056216,18,37,5,3.25,0,43.942
373,10,3,2,11,1.6094379124341003,4,17,5,2.6,1,43.942
374,4,0,7,106,2.1972245773362196,16,61,5,1.62,1,33.782000000000004
375,7,3,8,14,1.6094379124341003,16,17,5,1.91,1,39.624
376,10,2,9,41,1.6094379124341003,4,43,5,1.59,1,29.464
377,4,3,0,35,1.6094379124341003,26,41,5,1.8,1,39.624
378,2,3,0,37,1.6094379124341003,23,43,5,1.5,1,35.56
379,0,3,8,102,2.1972245773362196,10,75,2,2.4,1,39.624
380,7,1,15,102,2.1972245773362196,5,75,5,3.35,0,43.942
381,10,3,8,56,1.6094379124341003,4,47,4,1.85,1,39.624
382,2,1,15,102,2.1972245773362196,5,79,5,2.3,0,39.624
383,10,3,15,74,2.1972245773362196,16,72,5,1.5,0,35.56
384,2,4,7,97,2.833213344056216,29,53,5,1.1,0,33.782000000000004
385,10,4,10,97,2.1972245773362196,29,53,5,1.13,0,35.56
386,10,3,15,59,1.6094379124341003,4,53,5,1.5,1,33.782000000000004
387,4,5,8,72,2.1972245773362196,26,2,5,2.23,0,39.624
388,4,5,15,94,2.1972245773362196,16,101,5,2.0,0,39.624
389,10,0,39,97,2.833213344056216,29,53,5,1.42,0,35.56
390,2,1,8,102,2.1972245773362196,10,75,5,3.0,0,43.942
391,2,1,8,102,2.833213344056216,18,76,5,3.0,0,43.942
392,0,3,9,83,2.5649493574615367,10,97,5,2.2,1,39.624
393,11,1,8,102,2.1972245773362196,16,76,5,2.7,0,43.942
394,4,3,8,97,2.1972245773362196,16,30,2,2.33,1,39.624
395,7,4,8,14,1.6094379124341003,16,6,5,1.91,1,39.624
396,10,3,15,106,2.1972245773362196,16,35,5,2.1,0,39.624
397,10,3,15,74,2.1972245773362196,16,53,5,1.9,1,35.56
398,4,5,5,102,2.1972245773362196,16,101,5,1.78,0,39.624
399,10,4,10,97,2.833213344056216,12,53,5,1.13,0,35.56
400,10,3,0,37,1.6094379124341003,10,43,5,2.2,1,39.624
401,2,1,8,102,2.833213344056216,18,75,5,2.9,0,43.942
402,10,3,15,83,2.1972245773362196,18,35,5,2.1,0,39.624
403,0,3,8,102,2.1972245773362196,16,75,2,2.5,1,39.624
404,11,1,8,102,2.833213344056216,18,80,5,2.8,0,43.942
405,2,4,8,97,2.1972245773362196,29,53,5,1.1,0,35.56
406,16,4,8,89,2.833213344056216,29,47,5,1.2,0,33.782000000000004
407,4,4,8,99,2.1972245773362196,29,40,5,1.36,0,35.56
408,10,3,8,56,1.6094379124341003,26,47,5,2.2,1,39.624
409,10,3,0,37,1.0986122886681098,23,43,5,1.15,1,29.464
410,10,5,8,102,2.1972245773362196,29,101,5,2.67,0,39.624
411,10,4,18,102,2.1972245773362196,29,74,5,1.7,0,35.56
412,7,3,8,56,1.6094379124341003,10,6,5,2.1,1,39.624
413,0,0,13,89,2.1972245773362196,16,47,5,1.6,1,33.782000000000004
414,2,0,13,74,2.1972245773362196,16,53,5,1.27,1,33.782000000000004
415,4,3,8,74,1.6094379124341003,16,24,2,2.3,1,39.624
416,4,3,0,56,1.6094379124341003,4,47,5,1.65,1,33.782000000000004
417,7,4,8,89,2.1972245773362196,16,47,5,1.43,0,35.56
418,4,3,0,74,2.1972245773362196,10,53,5,2.14,1,39.624
419,10,4,15,106,2.1972245773362196,16,35,5,1.75,0,35.56
420,10,0,11,102,2.833213344056216,29,75,5,2.0,0,39.624
421,3,3,24,41,1.9459101490553132,35,43,5,1.4,1,31.242
422,7,3,8,104,2.1972245773362196,16,55,5,2.31,0,39.624
423,2,3,8,59,2.1972245773362196,10,72,2,2.3,1,39.624
424,4,1,10,103,2.833213344056216,18,80,5,4.42,0,43.942
425,4,1,15,102,2.1972245773362196,5,76,5,2.62,0,39.624
426,4,3,8,106,2.1972245773362196,20,7,5,2.02,0,39.624
427,4,4,8,99,2.1972245773362196,16,53,2,1.6,0,35.56
428,7,1,8,102,2.5649493574615367,18,80,5,3.35,0,43.942
429,12,0,13,37,1.6094379124341003,25,43,5,1.16,1,29.464
430,15,2,0,36,1.6094379124341003,7,41,1,1.15,1,29.464
431,10,3,15,97,2.1972245773362196,16,53,5,1.4,0,33.782000000000004
432,10,3,15,60,1.6094379124341003,4,53,5,1.7,1,35.56
433,10,5,12,99,2.833213344056216,29,72,5,2.3,0,39.624
434,10,3,8,104,2.833213344056216,29,104,5,2.5,0,39.624
435,2,1,8,25,2.1972245773362196,18,37,5,3.2,0,43.942
436,7,3,0,36,1.6094379124341003,26,41,5,2.1,1,39.624
437,6,4,38,105,2.833213344056216,29,52,1,1.1,0,31.242
438,10,4,4,97,3.2188758248682006,29,53,5,1.32,0,35.56
439,2,3,8,74,1.6094379124341003,16,53,2,2.0,1,39.624
440,10,3,2,8,2.1972245773362196,10,15,5,2.8,1,43.942
441,4,3,8,83,1.6094379124341003,16,7,5,2.2,1,39.624
442,10,4,15,74,2.1972245773362196,16,53,5,1.36,0,31.75
443,10,3,8,113,1.6094379124341003,4,44,5,2.2,1,39.624
444,7,1,15,102,2.1972245773362196,5,75,5,2.2,0,39.624
445,4,3,8,79,2.1972245773362196,16,69,5,1.64,0,35.56
446,0,3,0,74,1.6094379124341003,26,53,2,2.4,1,39.624
447,4,5,8,114,2.1972245773362196,36,108,5,2.23,0,39.624
448,11,1,8,77,2.1972245773362196,16,75,5,2.2,0,39.624
449,13,4,37,100,2.833213344056216,29,58,6,1.25,0,34.29
450,7,3,0,74,2.1972245773362196,4,53,5,1.91,1,39.624
451,4,5,15,94,2.833213344056216,16,108,5,2.17,0,39.624
452,7,5,15,104,2.1972245773362196,29,53,5,2.31,0,39.624
453,10,3,8,74,2.1972245773362196,16,53,5,1.65,0,35.56
454,4,3,8,106,2.1972245773362196,5,7,5,2.36,0,39.624
455,4,0,36,112,1.6094379124341003,26,42,5,1.47,1,29.464
456,4,3,15,101,2.1972245773362196,10,79,5,4.42,0,43.942
457,13,4,37,52,1.6094379124341003,4,52,6,1.252,0,34.29
458,13,4,37,100,2.1972245773362196,16,58,6,1.25,0,34.29
459,7,3,2,56,2.1972245773362196,16,47,5,2.5,1,43.942
460,0,3,8,56,1.6094379124341003,10,72,5,2.23,1,39.624
461,0,2,0,36,1.6094379124341003,4,41,5,1.4,1,29.464
462,2,3,8,74,2.1972245773362196,10,53,5,2.37,1,39.624
463,10,3,15,97,2.1972245773362196,29,31,4,1.5,1,35.56
464,10,3,8,104,2.1972245773362196,16,104,5,2.67,0,39.624
465,2,3,0,113,1.6094379124341003,26,43,5,2.0,1,39.624
466,0,3,0,56,1.6094379124341003,26,85,5,2.2,1,39.624
467,4,3,8,83,2.1972245773362196,22,7,5,2.02,1,39.624
468,7,1,15,102,2.5649493574615367,10,79,5,3.78,0,43.942
469,10,4,20,91,2.5649493574615367,16,47,5,1.4,0,35.56
470,7,0,11,106,2.1972245773362196,29,61,5,1.29,0,33.782000000000004
471,7,3,8,74,2.1972245773362196,26,1,5,1.9,0,39.624
472,6,4,38,82,2.1972245773362196,4,52,1,1.1,0,31.242
473,4,4,7,83,2.1972245773362196,16,61,5,1.42,0,33.782000000000004
474,2,3,12,92,2.5649493574615367,5,48,5,2.06,0,39.624
475,4,3,0,58,2.1972245773362196,4,47,5,1.79,1,35.56
476,4,5,8,102,2.1972245773362196,16,101,5,1.78,0,39.624
477,10,3,8,74,2.1972245773362196,9,53,5,1.7,0,35.56
478,4,3,8,83,2.1972245773362196,10,6,5,2.2,1,39.624
479,16,3,15,74,2.1972245773362196,16,53,5,1.05,0,33.782000000000004
480,4,3,15,106,2.1972245773362196,29,72,5,2.16,0,39.624
481,4,3,0,59,1.6094379124341003,10,53,5,2.18,1,39.624
482,7,3,15,83,1.6094379124341003,4,61,5,1.49,1,33.782000000000004
483,3,3,8,30,1.6094379124341003,35,40,5,1.89,1,39.624
484,10,3,0,54,1.6094379124341003,4,47,5,2.3,1,39.624
485,10,3,15,83,2.1972245773362196,16,61,5,1.75,0,35.56
486,4,5,15,94,2.833213344056216,29,108,5,2.17,0,39.624
487,4,3,8,102,2.833213344056216,29,75,5,2.06,0,39.624
488,10,4,15,97,2.833213344056216,29,53,5,1.36,0,31.75
489,2,4,8,97,2.833213344056216,29,53,5,0.91,0,31.75
490,10,3,15,74,2.1972245773362196,16,72,5,2.3,0,39.624
491,16,4,7,97,3.4965075614664802,29,53,5,1.05,0,38.14676887519259
492,2,1,8,102,2.1972245773362196,5,75,5,1.99,0,39.624
493,0,3,0,1,2.1972245773362196,10,34,5,2.2,1,39.624
494,2,1,13,92,3.2188758248682006,18,90,5,4.33,0,43.942
495,10,4,9,68,2.1972245773362196,9,47,5,1.3,0,31.75
496,10,3,8,106,2.1972245773362196,16,61,5,2.17,1,39.624
497,7,3,8,99,2.1972245773362196,12,53,5,1.48,0,35.56
498,10,3,15,59,2.1972245773362196,16,53,5,1.4,1,33.782000000000004
499,10,3,15,74,2.1972245773362196,16,53,5,2.3,1,39.624
500,2,2,0,37,1.6094379124341003,35,43,6,1.2,1,29.464
501,7,3,0,74,2.1972245773362196,16,6,5,1.91,1,39.624
502,10,0,13,83,2.1972245773362196,16,61,5,1.4,0,35.306000000000004
503,10,3,0,37,1.6094379124341003,26,43,5,2.1,1,35.56
504,10,2,0,36,1.6094379124341003,8,41,1,1.25,1,29.464
505,10,3,8,74,2.1972245773362196,16,53,5,1.44,1,33.782000000000004
506,2,3,8,97,2.1972245773362196,18,53,5,2.0,0,39.624
507,0,3,15,83,1.6094379124341003,10,98,5,2.2,1,39.624
508,7,4,15,97,2.1972245773362196,29,53,5,1.34,0,33.782000000000004
509,10,1,15,102,2.1972245773362196,18,79,4,2.4,0,39.624
510,4,4,13,74,2.1972245773362196,4,53,5,1.29,1,33.782000000000004
511,0,3,8,97,1.6094379124341003,26,72,5,2.2,1,39.624
512,4,3,8,74,2.1972245773362196,10,53,5,2.18,1,39.624
513,4,3,8,106,2.833213344056216,20,7,5,2.2,0,39.624
514,18,3,15,106,2.833213344056216,16,98,4,1.95,0,39.624
515,2,2,0,37,1.0986122886681098,23,43,5,1.1,1,29.464
516,7,3,36,83,1.6094379124341003,10,61,5,2.04,1,39.624
517,2,1,8,102,3.2188758248682006,29,96,5,2.24,0,39.624
518,7,3,8,74,2.1972245773362196,16,69,5,2.04,1,39.624
519,2,1,8,102,2.833213344056216,18,94,5,3.0,0,43.942
520,10,1,15,102,2.1972245773362196,18,79,5,3.2,0,39.624
521,7,4,15,97,2.1972245773362196,16,53,5,1.32,0,33.782000000000004
522,4,3,8,78,2.1972245773362196,16,53,5,1.64,0,35.56
523,7,3,0,56,1.6094379124341003,4,47,5,1.63,1,39.624
524,4,3,15,83,2.1972245773362196,5,7,2,2.8,1,43.942
525,10,3,8,68,2.1972245773362196,16,47,7,2.02,0,35.56
526,10,3,8,97,1.6094379124341003,10,66,5,2.2,1,39.624
527,10,3,0,56,2.1972245773362196,22,67,4,2.2,1,39.624
528,4,3,8,74,1.6094379124341003,26,24,5,2.3,1,39.624
529,4,3,8,79,2.1972245773362196,16,53,5,1.9,0,39.624
530,4,1,15,102,2.833213344056216,5,80,5,4.42,0,43.942
531,16,3,15,74,2.1972245773362196,26,53,5,2.0,1,39.624
532,2,3,12,97,2.1972245773362196,18,89,5,2.0,0,39.624
533,12,3,15,41,1.6094379124341003,25,43,5,1.2,1,33.782000000000004
534,2,1,15,77,2.1972245773362196,5,79,5,2.3,0,39.624
535,4,3,8,99,2.1972245773362196,16,69,5,1.93,0,39.624
536,4,3,8,83,2.1972245773362196,16,7,5,2.2,1,39.624
537,7,3,8,112,1.6094379124341003,16,42,5,1.86,1,39.624
538,7,1,8,102,2.5649493574615367,10,79,5,2.62,0,43.942
539,10,3,15,97,2.1972245773362196,16,72,5,1.87,1,35.56
540,4,4,31,106,2.1972245773362196,16,61,5,1.2,0,33.782000000000004
541,4,3,8,56,1.6094379124341003,4,47,5,1.6,1,35.56
542,7,4,21,97,2.1972245773362196,16,53,5,1.34,0,33.782000000000004
543,0,1,8,77,2.1972245773362196,10,75,2,2.4,1,39.624
544,2,3,0,17,1.6094379124341003,26,13,5,2.0,1,39.624
545,7,3,8,59,1.6094379124341003,4,53,5,2.1,1,39.624
546,10,3,8,74,1.6094379124341003,26,53,5,1.87,1,35.56
547,10,3,8,68,1.6094379124341003,10,47,4,2.15,1,39.624
548,7,3,8,56,1.6094379124341003,26,47,5,1.86,1,39.624
549,10,3,15,97,2.1972245773362196,29,53,5,1.99,0,39.624
550,10,3,8,56,1.6094379124341003,4,47,5,2.2,1,39.624
551,4,3,8,74,2.1972245773362196,16,53,5,1.9,0,39.624
552,4,1,15,102,2.833213344056216,18,80,5,4.42,0,38.14676887519259
553,7,3,2,56,2.1972245773362196,10,47,5,2.65,1,43.942
554,7,3,8,97,2.1972245773362196,10,69,5,2.63,0,43.942
555,2,3,0,37,1.6094379124341003,26,43,2,2.0,1,39.624
556,12,3,15,30,1.6094379124341003,23,40,5,1.35,1,33.782000000000004
557,10,3,2,97,1.9459101490553132,5,72,5,2.8,1,43.942
558,7,3,15,2,1.9459101490553132,4,7,5,1.91,1,39.624
559,4,3,0,56,1.6094379124341003,10,22,5,2.18,1,39.624
560,0,0,13,38,1.6094379124341003,23,43,5,1.25,1,29.464
561,10,3,8,60,1.6094379124341003,4,53,5,2.05,1,39.624
562,7,4,19,47,2.833213344056216,29,46,5,1.16,0,33.782000000000004
563,10,3,15,102,2.1972245773362196,16,109,5,3.4,0,43.942
564,2,3,8,77,2.1972245773362196,5,75,5,2.5,1,39.624
565,4,4,11,83,2.1972245773362196,4,61,5,1.21,0,33.782000000000004
566,4,3,0,78,1.6094379124341003,26,53,5,1.93,0,39.624
567,5,3,0,74,2.1972245773362196,10,53,5,2.2,1,39.624
568,10,3,8,113,1.6094379124341003,26,44,5,2.2,1,39.624
569,10,3,0,74,1.6094379124341003,26,53,5,2.02,0,35.56
570,7,5,2,79,2.1972245773362196,26,101,5,3.14,0,43.942
571,7,3,0,112,2.1972245773362196,22,42,5,1.94,1,35.56
572,7,3,15,15,1.9459101490553132,16,7,5,1.95,1,39.624
573,10,3,8,74,2.1972245773362196,16,53,5,2.3,1,39.624
574,10,3,8,83,1.6094379124341003,26,53,5,2.05,1,39.624
575,12,3,8,30,1.6094379124341003,25,40,5,1.4,1,35.56
576,16,4,7,97,2.833213344056216,29,53,5,1.24,0,35.56
577,10,1,15,93,3.4965075614664802,18,80,5,4.6,0,43.942
578,11,1,8,103,2.833213344056216,31,80,5,4.14,0,43.942
579,4,3,8,97,2.1972245773362196,16,24,2,2.2,1,39.624
580,12,3,15,41,1.6094379124341003,25,43,5,1.45,1,35.56
581,4,3,0,78,2.1972245773362196,26,53,5,1.9,0,39.624
582,7,3,8,59,1.6094379124341003,4,53,5,1.49,1,33.782000000000004
583,4,3,8,99,2.833213344056216,16,69,5,1.93,0,39.624
584,4,2,0,36,1.6094379124341003,7,41,1,1.26,1,29.464
585,11,1,8,93,2.833213344056216,5,93,5,4.5,0,43.942
586,7,1,15,102,2.833213344056216,18,75,5,3.78,0,43.942
587,10,4,15,91,2.5649493574615367,16,47,5,1.4,0,35.56
588,10,3,36,106,2.5649493574615367,10,53,5,2.2,1,39.624
589,2,1,15,77,2.1972245773362196,5,79,5,2.73,0,43.942
590,2,0,36,74,2.1972245773362196,10,47,5,2.2,1,39.624
591,10,3,8,5,2.5649493574615367,29,7,5,2.2,1,39.624
592,4,0,36,48,1.6094379124341003,4,52,5,1.39,1,29.464
593,15,3,8,102,2.833213344056216,5,75,5,2.5,0,39.624
594,10,3,8,56,1.6094379124341003,26,47,4,2.8,1,43.942
595,10,3,0,58,2.1972245773362196,10,47,5,2.29,1,39.624
596,10,0,13,97,2.1972245773362196,29,53,5,1.37,0,33.782000000000004
597,10,3,15,77,2.1972245773362196,16,55,5,1.7,0,35.56
598,4,0,7,74,2.1972245773362196,16,53,5,1.34,0,31.75
599,4,5,7,102,2.1972245773362196,16,108,5,2.06,0,39.624
600,7,3,8,97,2.1972245773362196,16,53,5,1.84,0,39.624
601,7,3,0,59,1.6094379124341003,26,53,5,2.1,1,39.624
602,0,3,8,41,1.6094379124341003,23,43,5,1.6,1,35.56
603,11,1,8,93,2.833213344056216,5,91,5,4.14,0,43.942
604,4,3,0,56,1.6094379124341003,10,22,2,2.18,1,39.624
605,11,1,6,102,2.833213344056216,20,79,5,1.8,0,39.624
606,16,3,15,89,2.1972245773362196,16,47,5,2.2,0,39.624
607,10,3,8,74,1.9459101490553132,10,53,5,2.4,1,39.624
608,10,0,13,102,2.1972245773362196,16,55,5,2.0,0,39.624
609,0,3,0,112,1.6094379124341003,2,42,5,1.6,1,35.56
610,10,3,12,116,3.4965075614664802,12,104,5,2.5,0,39.624
611,4,1,8,92,2.833213344056216,10,88,5,2.59,1,39.624
612,4,3,0,54,1.6094379124341003,10,47,2,2.18,1,39.624
613,4,3,0,54,1.6094379124341003,10,47,2,2.25,1,39.624
614,4,3,0,78,1.6094379124341003,26,53,2,1.93,1,39.624
615,2,1,8,102,2.1972245773362196,5,75,5,3.0,0,43.942
616,4,3,8,74,1.6094379124341003,4,22,2,2.18,1,39.624
617,7,4,8,97,2.1972245773362196,29,53,5,1.84,0,39.624
618,11,1,8,102,2.833213344056216,18,80,5,2.94,0,39.624
619,0,0,27,40,1.6094379124341003,23,41,1,1.25,1,29.464
620,7,3,0,78,2.1972245773362196,16,53,5,2.31,0,35.56
621,10,3,8,68,2.1972245773362196,16,47,7,1.65,0,35.56
622,4,3,8,83,1.6094379124341003,10,7,5,2.2,1,39.624
623,5,3,0,74,2.1972245773362196,16,53,5,2.2,1,39.624
624,7,3,0,68,1.6094379124341003,26,47,7,1.88,1,39.624
625,10,3,8,97,2.1972245773362196,10,66,5,2.2,1,39.624
626,12,3,8,30,1.0986122886681098,23,40,5,1.4,1,35.56
627,10,3,8,74,1.6094379124341003,4,53,4,2.2,1,39.624
628,2,0,7,74,1.9459101490553132,10,53,5,1.5,1,33.782000000000004
629,4,3,8,102,2.1972245773362196,16,75,5,2.0,0,39.624
630,2,4,8,97,2.833213344056216,29,53,5,1.1,0,35.56
631,4,1,8,102,2.833213344056216,18,76,5,2.62,0,39.624
632,10,3,8,83,1.6094379124341003,16,61,5,1.8,1,39.624
633,10,3,8,56,1.6094379124341003,10,67,5,2.2,1,39.624
634,2,3,0,37,2.1972245773362196,10,43,5,2.0,1,39.624
635,2,3,8,77,2.1972245773362196,10,75,5,1.99,1,39.624
636,4,4,31,83,2.1972245773362196,16,61,5,1.23,0,33.782000000000004
637,10,3,0,36,1.0986122886681098,23,41,5,1.42,1,35.56
638,10,0,13,97,2.1972245773362196,16,53,5,1.37,0,33.782000000000004
639,4,3,5,102,2.833213344056216,12,75,5,2.06,0,39.624
640,10,1,15,102,2.1972245773362196,5,77,5,2.5,0,39.624
641,7,3,2,14,2.1972245773362196,10,17,5,2.6,1,43.18
642,10,4,15,97,2.833213344056216,29,53,5,1.14,0,35.56
643,2,1,15,102,2.1972245773362196,10,76,4,2.5,0,39.624
644,0,3,0,56,1.6094379124341003,26,47,5,2.4,1,39.624
645,10,3,0,36,1.6094379124341003,23,40,5,1.43,1,35.56
646,0,4,15,74,2.1972245773362196,16,39,5,1.8,1,35.56
647,14,1,8,102,2.833213344056216,16,79,5,1.95,0,35.56
648,16,3,8,68,2.1972245773362196,16,47,5,1.2,0,33.782000000000004
649,10,4,15,97,2.1972245773362196,16,53,5,1.36,0,31.75
650,2,1,15,93,3.4965075614664802,29,82,5,3.8,0,43.942
651,0,1,8,77,2.1972245773362196,10,75,2,2.4,1,39.624
652,4,4,8,83,2.1972245773362196,16,61,5,1.2,0,33.782000000000004
653,11,1,8,102,2.1972245773362196,5,76,5,2.2,0,39.624
654,7,3,0,56,1.6094379124341003,26,47,4,1.86,1,39.624
655,16,3,15,74,2.1972245773362196,26,53,5,2.0,0,39.624
656,4,3,8,106,2.1972245773362196,16,7,5,2.2,1,39.624
657,4,3,8,106,2.833213344056216,20,7,5,2.2,0,39.624
658,10,1,15,92,2.1972245773362196,5,87,5,3.31,0,39.624
659,4,1,12,102,3.4965075614664802,31,80,5,4.42,0,43.942
660,4,3,8,71,2.1972245773362196,16,47,5,1.56,0,35.56
661,10,3,0,37,1.6094379124341003,26,43,5,2.2,1,39.624
662,10,3,8,68,1.6094379124341003,26,47,5,2.2,1,39.624
663,7,3,3,56,1.9459101490553132,10,24,5,2.04,1,39.624
664,11,1,8,102,2.1972245773362196,5,79,5,2.7,0,43.942
665,16,3,0,57,1.6094379124341003,4,47,5,2.1,1,39.624
666,4,3,8,74,2.1972245773362196,10,53,5,2.06,1,39.624
667,7,3,8,97,2.1972245773362196,10,7,5,2.1,1,39.624
668,16,3,15,74,2.1972245773362196,16,53,5,2.0,0,39.624
669,0,3,0,56,1.6094379124341003,4,47,2,2.1,1,39.624
670,13,4,37,99,2.1972245773362196,16,58,6,1.252,0,34.29
671,10,3,8,74,2.1972245773362196,5,24,5,1.9,1,39.624
672,10,0,13,74,2.1972245773362196,16,53,5,1.3,0,33.782000000000004
673,10,3,0,21,1.6094379124341003,4,13,5,2.2,1,39.624
674,7,0,13,59,1.6094379124341003,4,72,5,1.63,1,35.56
675,11,1,8,102,2.833213344056216,18,75,5,2.4,0,39.624
676,2,4,8,74,2.1972245773362196,16,53,5,1.1,0,35.56
677,7,0,36,37,2.1972245773362196,35,43,1,1.4,1,29.464
678,9,4,15,106,2.1972245773362196,29,53,5,1.09,0,39.624
679,0,1,8,77,2.833213344056216,16,76,5,2.5,0,39.624
680,11,1,8,77,2.1972245773362196,16,75,5,2.2,0,39.624
681,2,3,0,37,1.6094379124341003,4,43,5,1.86,1,39.624
682,4,1,8,77,2.833213344056216,5,79,5,3.21,0,39.624
683,7,3,15,56,1.6094379124341003,16,19,5,2.5,1,43.942
684,10,0,13,106,2.1972245773362196,29,61,5,1.19,0,33.782000000000004
685,4,1,8,103,2.833213344056216,18,80,5,3.49,0,39.624
686,7,3,0,74,1.6094379124341003,26,6,5,1.86,1,39.624
687,4,3,0,56,1.6094379124341003,10,24,5,2.2,1,39.624
688,7,3,15,0,1.9459101490553132,22,29,5,2.65,1,43.942
689,10,3,0,33,1.6094379124341003,26,45,5,2.1,1,39.624
690,0,3,0,33,1.6094379124341003,23,45,1,1.45,1,35.56
691,10,3,8,74,1.6094379124341003,16,53,5,1.7,1,35.56
692,7,5,8,102,2.1972245773362196,26,101,5,3.14,0,43.942
693,10,0,39,97,2.1972245773362196,16,53,5,1.42,0,35.56
694,16,3,15,74,2.1972245773362196,16,53,5,1.5,0,33.782000000000004
695,0,2,0,34,1.6094379124341003,23,40,5,1.4,1,29.464
696,10,0,7,97,2.833213344056216,29,53,5,1.38,0,35.56
697,2,0,7,49,1.6094379124341003,35,46,1,1.2,1,31.75
698,16,4,7,89,2.833213344056216,29,47,5,1.36,0,33.782000000000004
699,7,3,15,97,1.6094379124341003,26,7,5,2.1,1,39.624
700,4,1,8,77,2.1972245773362196,10,75,5,2.56,1,39.624
701,10,3,8,13,1.6094379124341003,16,7,5,2.2,1,39.624
702,10,3,0,5,2.1972245773362196,10,25,5,2.2,1,39.624
703,10,3,8,74,1.6094379124341003,11,53,5,2.1,1,39.624
704,10,3,0,56,1.6094379124341003,26,47,4,1.9,1,39.624
705,4,3,8,74,2.1972245773362196,16,53,5,2.18,1,39.624
706,0,0,13,83,2.1972245773362196,16,61,5,1.6,0,33.782000000000004
707,10,5,8,89,2.833213344056216,29,107,7,2.18,0,39.624
708,10,3,8,70,2.1972245773362196,16,47,5,1.8,0,35.56
709,7,3,15,1,1.9459101490553132,22,7,5,2.71,1,43.942
710,10,1,15,102,2.1972245773362196,5,76,5,2.5,0,39.624
711,4,3,8,79,2.1972245773362196,16,69,2,1.64,0,35.56
712,4,3,8,74,2.1972245773362196,10,53,2,1.98,1,39.624
713,2,3,8,37,1.6094379124341003,23,43,5,1.5,1,35.56
714,4,3,8,78,2.833213344056216,29,53,5,1.93,0,39.624
715,10,3,15,74,2.1972245773362196,16,66,5,1.87,1,35.56
716,4,3,8,78,2.1972245773362196,16,53,5,1.9,0,39.624
717,10,3,0,7,1.6094379124341003,26,15,5,2.19,1,39.624
718,12,3,16,28,1.6094379124341003,24,41,5,1.4,1,35.56
719,7,3,8,97,2.1972245773362196,16,69,5,2.63,0,43.942
720,10,4,20,89,2.1972245773362196,29,47,5,1.17,0,35.56
721,7,0,27,74,2.1972245773362196,16,53,5,1.58,1,33.782000000000004
722,10,4,15,74,2.1972245773362196,16,53,5,1.32,0,35.56
723,4,1,6,102,3.4965075614664802,13,80,5,4.36,0,43.942
724,11,1,8,102,2.1972245773362196,5,76,5,2.7,0,43.942
725,10,3,0,74,1.6094379124341003,10,53,4,1.9,1,39.624
726,4,3,8,83,2.1972245773362196,5,7,5,2.2,1,39.624
727,4,0,7,59,1.6094379124341003,10,53,5,1.71,1,33.782000000000004
728,4,3,0,74,2.1972245773362196,10,30,2,2.32,1,39.624
729,7,3,8,14,1.6094379124341003,10,6,5,2.1,1,39.624
730,0,1,15,92,2.833213344056216,5,79,5,4.2,0,43.942
731,4,3,0,74,2.5649493574615367,10,53,5,2.25,1,39.624
732,7,3,8,15,1.9459101490553132,5,6,5,2.1,1,39.624
733,0,3,0,74,1.6094379124341003,26,53,5,2.4,1,39.624
734,10,3,15,74,2.1972245773362196,16,53,5,1.44,0,33.782000000000004
735,10,3,8,97,1.6094379124341003,10,53,5,1.85,1,39.624
736,7,5,8,102,2.833213344056216,16,103,5,2.6,0,39.624
737,4,0,7,83,2.1972245773362196,10,61,5,1.55,1,33.782000000000004
738,11,1,8,102,2.833213344056216,18,79,5,1.8,0,39.624
739,0,3,0,56,1.6094379124341003,26,47,5,2.4,1,39.624
740,4,3,8,97,2.1972245773362196,5,72,5,2.0,0,39.624
741,4,3,0,56,2.1972245773362196,16,47,5,2.0,1,39.624
742,16,3,13,74,2.1972245773362196,16,53,5,1.25,0,35.56
743,10,0,7,74,2.1972245773362196,16,53,5,1.7,0,35.56
744,10,5,12,99,2.833213344056216,12,107,5,2.5,0,39.624
745,0,3,0,36,1.0986122886681098,23,41,1,1.68,1,35.56
746,15,4,8,97,2.833213344056216,16,53,5,0.81,0,33.782000000000004
747,7,3,8,56,2.1972245773362196,16,47,5,1.86,1,39.624
748,4,3,0,74,2.1972245773362196,16,53,5,1.6,0,35.56
749,7,5,15,115,2.833213344056216,16,102,7,3.0,0,43.942
750,10,2,36,36,1.6094379124341003,4,41,5,1.4,1,29.464
751,7,3,8,71,2.1972245773362196,16,47,5,1.84,0,39.624
752,2,3,0,70,1.6094379124341003,10,86,4,2.45,1,39.624
753,10,4,8,68,1.6094379124341003,9,47,5,1.7,0,35.56
754,2,3,0,97,1.6094379124341003,16,53,5,2.37,1,39.624
755,10,0,19,69,2.1972245773362196,16,50,5,1.3,0,33.782000000000004
756,7,3,15,77,2.1972245773362196,5,75,5,2.2,0,39.624
757,7,5,8,92,2.1972245773362196,16,100,7,2.59,0,39.624
758,4,1,12,102,2.833213344056216,18,80,5,4.42,0,39.624
759,0,3,0,74,1.6094379124341003,16,53,5,2.1,1,39.624
760,10,1,15,102,2.1972245773362196,5,75,5,2.5,0,39.624
761,4,4,8,99,2.833213344056216,16,53,5,1.18,0,31.75
762,6,4,38,82,2.1972245773362196,16,52,1,1.1,0,31.242
763,2,4,21,74,2.1972245773362196,16,53,5,1.2,0,33.782000000000004
764,4,3,0,56,1.6094379124341003,26,47,5,1.65,1,33.782000000000004
765,0,3,0,68,1.6094379124341003,4,47,5,1.6,1,33.782000000000004
766,2,3,0,113,1.6094379124341003,10,66,5,2.8,1,43.942
767,4,1,26,92,2.833213344056216,5,89,5,2.72,0,39.624
768,15,4,7,97,2.1972245773362196,16,53,5,1.31,0,33.782000000000004
769,0,3,0,113,1.6094379124341003,10,44,2,2.1,1,39.624
770,4,3,8,97,2.833213344056216,16,30,5,2.3,0,39.624
771,15,0,7,97,2.833213344056216,16,8,5,1.71,0,38.1
772,16,3,9,68,1.6094379124341003,4,47,5,1.75,0,35.56
773,4,1,8,102,2.1972245773362196,10,75,5,2.62,0,39.624
774,7,4,0,68,1.6094379124341003,16,47,5,1.26,0,31.75
775,2,0,7,97,2.5649493574615367,22,72,5,2.3,1,39.624
776,10,3,6,94,2.833213344056216,29,102,7,2.5,0,39.624
777,0,3,15,59,1.6094379124341003,4,53,5,1.8,1,35.56
778,14,1,8,102,2.833213344056216,29,79,5,1.95,0,35.56
779,2,3,3,110,2.1972245773362196,4,44,5,2.0,1,39.624
780,4,1,15,102,3.4965075614664802,13,81,5,4.42,0,43.942
781,2,1,15,92,2.833213344056216,18,80,5,4.3,0,43.942
782,16,4,15,91,2.833213344056216,29,68,5,1.47,0,35.56
783,10,3,0,42,2.1972245773362196,10,42,4,2.2,1,39.624
784,10,4,8,97,2.833213344056216,29,53,5,1.7,0,35.56
785,11,1,15,102,2.833213344056216,18,79,5,1.6,0,35.56
786,11,1,8,77,2.1972245773362196,5,75,5,2.2,0,39.624
787,10,1,15,102,1.6094379124341003,10,75,5,2.4,0,39.624
788,0,1,15,102,2.833213344056216,18,79,5,4.2,0,43.942
789,4,1,8,77,2.1972245773362196,16,75,5,2.62,0,39.624
790,2,1,8,102,2.1972245773362196,5,95,5,2.24,0,39.624
791,17,3,3,37,1.6094379124341003,23,43,5,1.22,1,35.56
792,10,0,13,97,2.1972245773362196,29,53,5,1.37,0,33.782000000000004
793,10,0,7,74,2.1972245773362196,16,31,5,2.08,0,39.624
794,1,4,22,44,2.1972245773362196,28,49,3,0.92,0,30.48
795,10,0,30,74,2.1972245773362196,16,53,5,1.42,0,35.56
796,2,3,0,37,1.6094379124341003,23,43,5,1.63,1,35.56
797,4,3,0,74,2.1972245773362196,4,53,5,1.95,1,39.624
798,10,0,13,97,2.1972245773362196,16,53,5,1.38,0,35.306000000000004
799,4,3,8,56,2.1972245773362196,16,23,5,2.0,1,39.624
800,7,5,8,102,2.1972245773362196,16,103,5,3.14,0,39.624
801,2,3,8,74,2.1972245773362196,16,53,5,2.37,0,39.624
802,4,4,8,74,2.1972245773362196,16,53,5,1.29,0,33.782000000000004
803,4,3,5,77,2.1972245773362196,16,75,5,2.06,0,39.624
804,4,2,0,113,1.6094379124341003,4,44,5,1.63,1,29.464
805,7,2,0,78,2.1972245773362196,16,53,5,1.26,0,31.75
806,16,3,0,68,1.6094379124341003,26,47,5,2.1,1,39.624
807,7,3,0,3,2.1972245773362196,22,26,5,2.04,1,39.624
808,4,1,6,102,2.833213344056216,29,76,5,2.62,0,39.624
809,10,3,8,74,1.6094379124341003,10,65,5,2.4,1,39.624
810,7,1,15,102,2.5649493574615367,10,37,5,3.74,0,43.942
811,11,1,8,102,2.833213344056216,31,80,5,2.9,0,43.942
812,15,4,8,74,2.1972245773362196,16,53,5,0.81,0,33.782000000000004
813,4,3,8,97,2.1972245773362196,10,74,5,1.98,0,39.624
814,4,3,8,74,2.1972245773362196,16,22,5,2.18,1,39.624
815,10,4,8,97,2.1972245773362196,16,53,5,1.32,0,35.56
816,14,4,11,96,2.833213344056216,29,53,5,1.29,0,31.75
817,7,2,0,36,1.6094379124341003,7,41,1,1.23,1,29.464
818,4,1,15,102,2.833213344056216,5,79,5,4.36,0,43.942
819,4,3,0,68,1.6094379124341003,26,47,5,1.76,1,35.56
820,10,3,0,56,1.6094379124341003,26,47,5,2.1,1,39.624
821,16,4,0,74,1.6094379124341003,4,53,5,1.25,0,35.56
822,10,4,15,97,2.1972245773362196,29,53,5,1.13,0,35.56
823,11,1,8,77,2.1972245773362196,16,75,5,2.4,0,39.624
824,10,4,15,74,2.1972245773362196,15,53,5,1.13,0,35.56
825,16,3,0,108,1.6094379124341003,4,45,5,1.75,1,35.56
826,2,0,34,74,2.1972245773362196,16,53,5,1.1,0,33.782000000000004
827,4,3,0,56,1.6094379124341003,26,47,5,1.76,1,35.56
828,0,2,9,36,1.6094379124341003,23,41,1,1.35,1,29.464
829,0,3,15,59,2.1972245773362196,4,53,5,1.5,1,35.56
830,14,1,5,103,3.4965075614664802,29,82,5,3.49,0,43.942
831,10,4,20,91,2.833213344056216,29,47,5,1.1,0,35.56
832,2,3,8,74,1.6094379124341003,10,64,2,2.1,1,39.624
833,10,3,8,68,2.1972245773362196,16,47,5,1.7,0,35.56
834,10,3,15,78,2.1972245773362196,16,53,5,1.32,0,35.56
835,4,1,8,102,2.833213344056216,18,80,5,3.21,0,39.624
836,2,1,8,102,2.833213344056216,18,80,5,2.9,0,43.942
837,16,3,0,59,1.6094379124341003,26,53,5,2.0,1,39.624
838,10,3,0,40,1.6094379124341003,7,41,1,1.5,1,35.56
839,2,3,8,74,2.1972245773362196,3,53,5,2.3,1,39.624
840,2,1,8,92,2.833213344056216,31,79,5,2.73,0,43.942
841,4,1,15,102,3.4965075614664802,31,80,5,4.42,0,43.942
842,7,3,2,74,2.1972245773362196,10,69,5,2.63,1,43.942
843,4,3,0,74,2.1972245773362196,4,53,5,2.18,1,39.624
844,7,4,8,89,2.1972245773362196,29,47,7,1.54,0,35.56
845,4,3,8,97,1.6094379124341003,16,22,5,2.18,1,39.624
846,7,0,36,37,1.6094379124341003,23,43,1,1.4,1,29.464
847,2,4,15,68,2.1972245773362196,29,71,5,1.45,0,33.782000000000004
848,7,0,7,74,2.1972245773362196,16,53,5,1.28,0,33.782000000000004
849,7,4,8,89,2.1972245773362196,29,47,5,1.54,0,35.56
850,7,3,0,36,1.6094379124341003,4,41,4,1.86,1,39.624
851,2,1,8,102,2.833213344056216,5,79,5,2.1,0,39.624
852,4,3,8,97,2.1972245773362196,10,30,2,2.83,1,43.942
853,10,4,15,102,2.1972245773362196,16,74,5,1.96,0,35.56
854,2,3,15,97,2.1972245773362196,16,83,5,2.3,1,39.624
855,4,3,8,74,2.1972245773362196,4,53,5,1.9,1,39.624
856,2,3,0,113,1.6094379124341003,10,44,5,2.0,1,39.624
857,7,0,7,99,2.1972245773362196,16,53,5,1.28,0,33.782000000000004
858,4,3,7,68,2.1972245773362196,10,47,5,1.62,1,33.782000000000004
859,10,3,8,54,1.6094379124341003,10,47,4,2.2,1,39.624
860,10,3,15,74,2.1972245773362196,10,53,5,2.3,1,39.624
861,7,3,8,78,2.1972245773362196,16,32,5,1.84,0,39.624
862,16,3,8,74,1.6094379124341003,4,53,5,1.05,0,33.782000000000004
863,10,1,15,77,2.1972245773362196,10,75,4,2.5,0,39.624
864,4,4,31,100,2.833213344056216,29,58,5,1.29,0,33.782000000000004
865,7,3,8,68,1.6094379124341003,26,47,5,2.07,1,39.624
866,16,4,0,68,2.2383446513019924,16,47,5,1.2,0,33.782000000000004
867,10,0,13,97,2.1972245773362196,16,53,5,1.37,0,33.782000000000004
868,0,3,15,74,2.1972245773362196,16,53,5,1.56,1,35.56
869,4,5,8,102,2.1972245773362196,10,108,5,2.23,0,39.624
870,10,3,0,74,1.6094379124341003,26,53,5,2.38,0,39.624
871,10,3,8,56,1.6094379124341003,10,24,4,2.2,1,39.624
872,16,3,15,97,2.1972245773362196,16,53,5,2.0,0,39.624
873,10,3,15,59,1.6094379124341003,9,53,5,1.44,1,33.782000000000004
874,15,4,8,97,2.833213344056216,16,72,5,1.23,0,38.1
875,4,4,8,99,2.1972245773362196,16,53,5,1.6,0,31.75
876,2,3,0,113,1.6094379124341003,10,44,2,2.0,1,39.624
877,18,4,15,68,2.1972245773362196,16,72,5,1.28,1,33.782000000000004
878,4,3,8,74,1.6094379124341003,5,72,5,2.18,1,39.624
879,7,3,8,74,1.6094379124341003,16,53,5,2.04,1,39.624
880,7,0,7,74,1.6094379124341003,16,53,5,1.28,0,33.782000000000004
881,7,0,36,74,1.6094379124341003,26,53,5,2.3,1,39.624
882,2,3,0,37,1.6094379124341003,23,43,5,1.65,1,35.814
883,10,3,15,89,2.1972245773362196,10,72,5,2.2,1,39.624
884,4,3,0,112,1.6094379124341003,26,40,5,2.2,1,39.624
885,7,0,7,74,1.6094379124341003,16,53,5,1.28,0,33.782000000000004
886,4,3,0,54,1.6094379124341003,10,23,2,2.18,1,39.624
887,2,1,8,77,2.5649493574615367,5,75,5,2.2,0,43.942
888,0,2,9,36,1.6094379124341003,23,41,1,1.25,1,29.464
889,10,3,2,6,1.6094379124341003,26,14,5,2.8,1,43.942
890,7,3,8,74,1.6094379124341003,4,53,5,1.95,0,35.56
891,7,0,31,97,2.833213344056216,16,53,5,1.42,0,33.782000000000004
892,15,4,8,97,2.1972245773362196,16,53,5,1.17,0,38.1
893,10,4,15,74,2.1972245773362196,16,53,5,1.32,0,35.56
894,11,1,12,92,2.833213344056216,33,79,5,2.43,0,43.942
895,16,3,8,74,2.1972245773362196,16,53,5,1.05,0,33.782000000000004
896,4,1,8,102,2.1972245773362196,10,78,2,2.62,1,39.624
897,7,3,8,97,2.1972245773362196,10,69,5,2.04,1,39.624
898,4,3,0,54,1.6094379124341003,10,23,5,2.18,1,39.624
899,4,3,8,78,2.1972245773362196,26,53,5,1.9,1,39.624
900,4,0,31,105,2.1972245773362196,29,52,5,1.24,0,33.782000000000004
901,2,1,15,93,3.4965075614664802,19,93,5,3.58,0,43.942
902,4,0,7,105,2.833213344056216,16,52,5,1.22,0,33.782000000000004
903,10,4,15,97,2.1972245773362196,15,53,5,1.13,0,35.56
904,10,3,15,74,2.1972245773362196,29,53,5,1.95,0,39.624
905,9,4,13,97,2.833213344056216,29,53,5,1.08,0,39.624
906,7,2,8,97,2.1972245773362196,29,53,5,1.26,0,31.75
907,0,3,15,32,1.6094379124341003,7,40,1,2.2,1,39.624
908,10,3,15,70,2.1972245773362196,5,89,5,2.6,1,39.624
909,9,4,13,97,2.1972245773362196,29,53,5,0.98,0,35.56
910,4,3,8,79,2.1972245773362196,16,53,5,1.6,0,35.56
911,7,4,5,47,2.1972245773362196,14,46,5,1.09,0,31.75
912,10,3,8,97,1.9459101490553132,16,72,5,2.2,1,39.624
913,7,3,8,97,2.1972245773362196,16,69,5,2.04,0,39.624
914,0,3,8,59,1.6094379124341003,10,53,5,2.4,1,39.624
915,10,3,8,74,1.6094379124341003,4,53,5,1.44,1,33.782000000000004
916,7,3,8,74,2.1972245773362196,16,53,5,1.49,0,33.782000000000004
917,11,1,8,102,2.833213344056216,18,76,5,2.7,0,43.942
918,4,1,8,102,2.833213344056216,5,76,5,2.6,0,39.624
919,11,1,8,77,2.1972245773362196,5,75,5,2.2,0,39.624
920,4,3,0,74,1.6094379124341003,10,22,5,2.18,1,39.624
921,7,4,8,89,2.1972245773362196,16,28,5,1.84,0,39.624
922,7,4,31,97,2.1972245773362196,16,53,5,1.39,0,33.782000000000004
923,16,3,15,91,2.833213344056216,16,68,5,2.4,0,39.624
924,10,0,13,74,2.1972245773362196,29,53,5,1.37,0,33.782000000000004
925,4,3,0,68,1.6094379124341003,26,47,5,1.95,1,39.624
926,10,4,15,97,2.1972245773362196,16,53,5,1.36,0,31.75
927,7,3,8,68,2.1972245773362196,16,47,5,2.31,0,39.624
928,4,3,0,74,1.6094379124341003,10,53,5,2.18,1,39.624
929,7,3,0,68,1.6094379124341003,26,47,5,1.95,0,35.56
930,10,3,0,113,1.6094379124341003,10,44,5,2.2,1,39.624
931,7,4,8,68,1.6094379124341003,26,47,5,1.26,0,31.75
932,7,3,0,36,1.6094379124341003,10,41,4,1.86,1,39.624
933,10,0,19,90,2.833213344056216,12,56,5,1.3,0,33.782000000000004
934,16,3,15,68,1.6094379124341003,4,47,5,1.47,0,35.56
935,7,2,8,68,2.1972245773362196,16,47,5,1.26,0,31.75
936,4,3,0,54,1.6094379124341003,10,47,5,2.18,1,39.624
937,11,1,8,102,2.1972245773362196,5,75,5,2.2,0,39.624
938,4,4,8,74,2.1972245773362196,16,53,5,1.36,0,35.56
939,4,1,4,93,2.833213344056216,31,82,5,4.36,0,43.942
940,7,1,15,70,2.1972245773362196,5,90,5,2.75,0,43.942
941,2,3,2,112,1.6094379124341003,10,66,5,2.8,1,43.942
942,0,3,0,74,1.6094379124341003,26,53,5,2.23,1,39.624
943,16,3,0,68,2.1972245773362196,16,47,5,2.2,0,39.624
944,10,0,13,53,2.1972245773362196,16,46,5,1.1,0,28.702
945,10,1,15,23,2.833213344056216,31,33,5,2.5,0,39.624
946,4,4,7,74,2.1972245773362196,16,40,5,1.36,0,31.75
947,10,3,8,97,2.1972245773362196,10,66,4,2.2,1,39.624
948,4,3,2,54,1.6094379124341003,10,30,5,2.36,1,43.942
949,0,3,0,36,1.6094379124341003,23,41,1,1.68,1,35.56
950,7,5,15,94,2.1972245773362196,38,100,5,2.0,0,39.624
951,4,4,8,99,2.1972245773362196,16,53,5,1.36,0,35.56
952,16,3,8,68,2.1972245773362196,16,47,7,1.2,0,33.782000000000004
953,2,0,8,50,2.1972245773362196,35,46,1,1.2,0,31.75
954,10,4,15,91,2.1972245773362196,16,47,5,1.7,0,35.56
955,4,1,12,102,2.833213344056216,31,80,5,4.36,0,43.942
956,4,0,7,81,2.1972245773362196,16,52,5,1.24,0,33.782000000000004
957,7,0,36,113,1.6094379124341003,16,44,5,1.45,1,29.464
958,4,4,32,89,2.1972245773362196,16,47,5,1.3,0,33.782000000000004
959,0,0,27,36,1.6094379124341003,23,41,1,1.25,1,29.464
960,16,3,8,71,2.1972245773362196,16,47,5,1.2,0,33.782000000000004
961,10,4,15,78,2.1972245773362196,16,53,5,1.36,0,31.75
962,0,3,8,74,2.5649493574615367,5,86,5,2.4,0,39.624
963,16,4,7,97,2.1972245773362196,29,53,5,1.1,0,31.75
964,7,3,0,73,2.1972245773362196,10,69,5,2.04,1,39.624
965,4,3,0,54,1.6094379124341003,10,24,2,2.25,1,39.624
966,4,3,0,74,1.6094379124341003,26,53,5,1.9,1,39.624
967,7,3,8,59,1.6094379124341003,26,53,5,2.04,1,39.624
968,4,1,15,102,3.4965075614664802,18,80,5,4.42,0,43.942
969,10,3,8,74,1.9459101490553132,16,66,5,2.4,1,39.624
970,4,0,31,105,2.833213344056216,29,52,5,1.22,0,33.782000000000004
971,4,4,39,91,2.1972245773362196,16,47,5,1.5,0,35.56
972,4,1,8,92,3.4965075614664802,18,80,5,4.42,0,43.942
973,16,3,8,68,2.1972245773362196,16,47,5,1.95,0,35.56
974,2,1,8,102,2.833213344056216,18,79,5,2.73,0,43.942
975,7,3,15,75,2.1972245773362196,5,69,5,2.04,0,39.624
976,10,3,0,68,1.6094379124341003,27,47,7,1.7,0,35.56
977,2,0,5,97,2.833213344056216,33,86,5,2.3,0,39.624
978,7,3,8,97,1.9459101490553132,10,53,5,2.04,1,39.624
979,2,1,8,102,2.833213344056216,18,76,5,2.99,0,43.942
980,4,0,13,97,2.5649493574615367,29,53,5,2.19,0,39.624
981,16,3,8,68,1.6094379124341003,4,47,7,1.2,0,33.782000000000004
982,10,3,8,5,1.9459101490553132,16,7,5,2.2,1,39.624
983,5,3,0,68,1.6094379124341003,16,47,5,2.3,1,39.624
984,16,3,0,68,1.6094379124341003,26,47,5,1.75,1,35.56
985,4,3,0,74,1.6094379124341003,26,24,5,2.25,1,39.624
986,7,3,8,74,2.1972245773362196,10,53,5,2.04,1,39.624
987,10,1,15,102,2.1972245773362196,5,79,5,2.5,0,39.624
988,4,3,0,97,2.1972245773362196,10,30,5,2.36,1,39.624
989,4,3,8,74,2.1972245773362196,4,54,5,1.6,0,35.56
990,7,2,8,47,2.1972245773362196,29,46,5,0.97,0,31.75
991,7,3,8,56,1.6094379124341003,5,6,5,2.1,1,39.624
992,10,3,0,37,1.6094379124341003,4,43,4,1.9,1,39.624
993,10,3,8,68,2.1972245773362196,16,47,5,2.3,0,39.624
994,4,0,7,74,2.1972245773362196,16,53,5,1.68,1,33.782000000000004
995,2,3,32,74,2.1972245773362196,16,53,5,1.4,0,33.782000000000004
996,7,4,13,97,2.1972245773362196,16,53,5,1.11,0,33.782000000000004
997,0,3,0,113,1.6094379124341003,26,44,5,2.4,1,39.624
998,2,1,8,102,2.833213344056216,18,76,5,2.5,0,39.624
999,7,4,8,97,2.1972245773362196,29,53,5,1.48,0,35.56
1000,0,1,15,102,2.2383446513019924,5,75,5,2.7,0,39.624
1001,7,3,15,74,2.1972245773362196,16,53,5,1.34,0,33.782000000000004
1002,4,3,0,59,1.6094379124341003,4,53,5,2.18,1,39.624
1003,7,3,0,74,1.6094379124341003,26,53,5,1.64,1,35.56
1004,16,3,8,68,1.6094379124341003,4,47,5,1.2,0,33.782000000000004
1005,7,3,0,71,1.6094379124341003,16,47,5,1.48,0,35.56
1006,7,3,8,74,1.6094379124341003,16,53,5,1.95,0,35.56
1007,7,4,8,91,2.1972245773362196,16,47,7,1.43,0,35.56
1008,7,3,8,74,2.1972245773362196,16,69,5,1.64,0,35.56
1009,7,3,0,59,1.6094379124341003,26,53,5,1.64,1,35.56
1010,4,1,8,77,2.1972245773362196,1,75,5,2.65,1,39.624
1011,7,4,8,74,1.6094379124341003,26,53,5,1.26,0,31.75
1012,7,3,8,74,1.6094379124341003,16,53,5,1.48,0,35.56
1013,7,4,8,89,2.1972245773362196,16,47,5,1.54,0,35.56
1014,7,3,0,59,1.6094379124341003,26,53,5,1.49,1,33.782000000000004
1015,16,3,0,68,2.1972245773362196,16,47,5,1.5,0,33.782000000000004
1016,7,3,0,59,1.6094379124341003,16,53,5,2.04,1,39.624
1017,10,3,12,94,2.833213344056216,29,99,7,2.4,0,43.942
1018,16,3,15,68,2.1972245773362196,16,47,5,1.47,0,35.56
1019,7,3,8,89,2.1972245773362196,16,47,5,1.43,0,35.56
1020,4,0,13,58,1.6094379124341003,10,47,5,2.08,1,39.624
1021,16,4,8,68,2.1972245773362196,16,47,5,1.2,0,33.782000000000004
1022,7,3,15,74,2.1972245773362196,16,53,5,1.11,0,33.782000000000004
1023,7,3,8,97,2.1972245773362196,16,69,5,1.64,0,35.56
1024,4,3,8,71,2.1972245773362196,26,47,5,2.09,0,39.624
1025,7,4,0,74,1.6094379124341003,16,53,5,1.26,0,31.75
1026,7,3,0,74,1.6094379124341003,26,53,5,2.31,0,35.56
1027,7,3,0,74,1.6094379124341003,26,53,5,1.95,0,35.56
1028,4,4,31,74,2.1972245773362196,16,53,5,1.29,0,33.782000000000004
1029,7,3,8,74,2.1972245773362196,16,69,5,2.63,0,43.942
1030,7,3,0,74,1.6094379124341003,16,53,5,1.64,0,35.56
1031,0,3,0,14,1.9459101490553132,10,17,5,2.1,1,39.624
1032,11,1,8,102,2.1972245773362196,5,75,5,2.7,0,43.942
1033,7,3,8,68,2.1972245773362196,16,47,7,1.95,0,35.56
1034,7,3,8,89,2.1972245773362196,16,47,5,1.84,0,39.624
1035,7,4,8,89,2.1972245773362196,16,47,5,1.26,0,31.75
1036,7,3,0,74,1.6094379124341003,26,53,5,2.04,1,39.624
1037,16,4,15,91,2.1972245773362196,16,47,5,1.47,0,35.56
1038,4,3,8,71,2.1972245773362196,16,47,7,2.09,0,39.624
1039,7,3,8,74,2.1972245773362196,16,53,5,1.64,0,35.56
1040,10,0,13,89,1.6094379124341003,16,47,5,1.8,1,39.624
1041,17,3,0,27,1.0986122886681098,23,41,5,1.45,1,35.56
1042,16,3,15,89,2.833213344056216,16,68,5,2.4,0,39.624
1043,10,3,8,68,2.1972245773362196,16,47,5,2.3,0,39.624
1044,7,3,8,68,1.6094379124341003,26,47,5,1.54,0,35.56
1045,7,3,8,71,2.1972245773362196,21,47,5,1.84,0,39.624
1046,7,3,8,68,2.1972245773362196,16,47,7,1.43,0,35.56
1047,11,1,15,93,2.833213344056216,18,93,5,3.78,0,43.942
1048,10,1,15,92,2.833213344056216,5,93,5,4.6,0,43.942
1049,2,2,0,36,1.6094379124341003,7,41,1,1.2,1,29.464
1050,10,3,10,91,2.833213344056216,16,47,7,1.1,0,35.56
1051,7,3,15,97,2.1972245773362196,10,72,5,1.91,0,39.624
1052,4,0,13,76,2.1972245773362196,16,53,5,2.3,0,39.624
1053,7,3,0,74,1.6094379124341003,16,53,5,2.04,0,39.624
1054,4,4,31,97,2.833213344056216,12,53,5,1.2,0,33.782000000000004
1055,7,3,0,58,1.6094379124341003,26,47,5,2.31,1,39.624
1056,7,3,0,74,1.6094379124341003,26,53,4,1.96,1,39.624
1057,0,3,0,11,2.1972245773362196,10,17,5,2.4,1,39.624
1058,4,0,13,97,2.5649493574615367,16,53,5,1.6,0,33.782000000000004
1059,11,1,8,92,2.833213344056216,18,79,5,2.94,0,39.624
1060,7,3,8,97,2.1972245773362196,16,53,5,2.04,0,39.624
1061,2,1,15,92,2.833213344056216,10,90,4,4.0,0,43.942
1062,4,3,8,74,1.6094379124341003,10,40,5,2.25,1,39.624
1063,4,3,8,97,2.833213344056216,22,30,5,2.32,0,39.624
1064,11,1,8,92,2.833213344056216,18,79,5,1.8,0,39.624
1065,4,4,8,97,2.1972245773362196,16,53,5,1.29,0,33.782000000000004
1066,2,1,15,93,4.174387269895637,12,92,5,3.58,0,43.942
1067,4,0,7,89,2.1972245773362196,16,47,5,1.62,1,33.782000000000004
1068,4,1,6,92,2.833213344056216,18,91,5,3.21,0,39.624
1069,1,4,22,43,2.1972245773362196,15,46,3,0.92,0,30.48
1070,4,3,0,58,1.6094379124341003,26,47,5,2.06,1,39.624
1071,7,3,0,68,1.6094379124341003,26,47,5,2.31,0,39.624
1072,7,4,8,68,2.1972245773362196,16,47,7,1.26,0,31.75
1073,7,3,8,97,2.1972245773362196,16,53,5,1.49,0,33.782000000000004
1074,10,4,13,89,2.1972245773362196,16,47,5,1.3,0,31.75
1075,10,3,2,68,2.1972245773362196,0,21,5,3.0,1,43.942
1076,10,3,15,70,1.6094379124341003,10,86,5,2.3,0,39.624
1077,11,1,8,102,2.833213344056216,18,80,5,3.78,0,43.942
1078,10,3,0,68,1.6094379124341003,26,47,5,2.1,1,39.624
1079,7,3,8,68,1.6094379124341003,26,47,7,2.31,1,39.624
1080,10,4,30,47,2.1972245773362196,29,46,5,0.99,0,31.75
1081,10,1,15,93,3.4965075614664802,30,93,5,4.6,0,43.942
1082,10,0,28,31,1.6094379124341003,35,41,5,0.69,1,25.654
1083,7,4,12,97,2.833213344056216,29,53,5,1.3,0,33.782000000000004
1084,4,3,8,74,2.1972245773362196,16,53,5,2.18,1,39.624
1085,7,3,8,68,1.6094379124341003,26,47,7,1.54,0,35.56
1086,7,5,8,89,2.1972245773362196,16,0,7,1.9,0,39.624
1087,10,3,8,68,2.1972245773362196,9,47,7,1.7,0,35.56
1088,7,3,32,109,1.6094379124341003,23,46,1,1.29,1,33.782000000000004
1089,0,3,0,11,1.6094379124341003,26,17,5,2.4,1,39.624
1090,4,3,0,111,1.6094379124341003,26,40,2,2.2,1,39.624
1091,7,3,0,56,1.6094379124341003,10,47,4,1.86,1,39.624
1092,2,1,15,102,2.1972245773362196,18,79,5,2.7,0,43.942
1093,4,4,15,83,1.6094379124341003,16,7,5,1.4,1,33.782000000000004
1094,7,2,0,68,1.6094379124341003,4,47,7,2.4,0,31.75
1095,0,3,8,74,2.1972245773362196,18,86,5,2.4,1,39.624
1096,4,3,8,74,2.1972245773362196,10,30,5,2.36,1,39.624
1097,11,1,8,92,2.1972245773362196,16,90,5,2.6,0,43.942
1098,7,3,0,112,1.6094379124341003,10,42,5,1.96,1,39.624
1099,2,1,15,92,2.833213344056216,5,93,5,4.3,0,43.942
1100,4,4,0,58,1.6094379124341003,26,47,7,1.5,0,31.75
1101,4,4,0,58,1.6094379124341003,4,47,7,1.5,0,31.75
1102,0,3,0,32,1.6094379124341003,8,40,1,2.2,1,39.624
1103,7,5,15,92,2.1972245773362196,10,3,7,3.0,0,43.942
1104,10,1,8,102,2.833213344056216,29,76,5,2.4,0,39.624
1105,4,4,0,68,2.1972245773362196,16,47,7,1.5,0,31.75
1106,11,1,8,92,2.1972245773362196,5,89,5,2.9,0,43.942
1107,10,0,13,68,1.6094379124341003,16,47,5,2.1,1,39.624
1108,7,3,8,8,1.6094379124341003,10,15,5,2.1,1,39.624
1109,2,1,15,92,2.833213344056216,5,89,5,2.59,0,39.624
1110,7,3,31,46,2.1972245773362196,16,46,5,1.16,0,33.782000000000004
1111,4,3,0,68,1.6094379124341003,26,20,7,2.24,1,39.624
1112,10,3,0,54,1.6094379124341003,4,47,5,2.1,1,39.624
1113,7,4,8,89,2.1972245773362196,29,47,5,1.16,0,33.782000000000004
1114,10,0,28,31,1.6094379124341003,35,41,0,0.69,1,25.654
1115,4,4,8,98,2.1972245773362196,16,58,5,1.23,0,33.782000000000004
1116,10,1,15,93,2.833213344056216,17,93,5,4.6,0,43.942
1117,14,4,33,89,2.1972245773362196,16,47,5,1.25,0,31.75
1118,16,4,8,97,2.833213344056216,29,53,5,1.05,0,33.782000000000004
1119,2,1,8,92,2.1972245773362196,5,89,5,3.52,0,43.942
1120,17,3,8,27,1.6094379124341003,23,41,5,1.35,1,33.782000000000004
1121,7,3,8,68,2.1972245773362196,16,47,5,1.16,0,33.782000000000004
1122,7,3,8,68,2.1972245773362196,16,47,7,1.43,0,35.56
1123,4,3,0,68,1.6094379124341003,26,47,2,2.09,1,39.624
1124,2,3,0,59,1.6094379124341003,10,53,5,2.0,1,39.624
1125,10,0,13,89,2.1972245773362196,16,47,5,1.8,0,35.56
1126,10,0,28,31,1.6094379124341003,35,41,5,0.69,1,25.654
1127,7,4,0,71,2.1972245773362196,16,47,7,1.26,0,31.75
1128,10,1,15,77,2.1972245773362196,5,79,4,2.4,0,39.624
1129,7,1,15,70,2.1972245773362196,5,79,5,3.35,0,43.942
1130,7,3,0,97,2.1972245773362196,22,53,5,2.04,1,39.624
1131,10,0,13,91,2.1972245773362196,29,106,7,1.8,0,35.56
1132,2,3,0,37,1.6094379124341003,23,43,5,1.5,1,35.56
1133,7,4,8,97,2.1972245773362196,16,53,5,1.84,1,39.624
1134,0,3,8,74,1.6094379124341003,10,72,5,2.23,1,39.624
1135,10,3,8,89,2.833213344056216,1,27,5,2.5,0,39.624
1136,7,5,15,92,2.1972245773362196,16,105,7,3.0,0,43.942
1137,4,3,0,74,2.1972245773362196,10,30,5,2.5,1,39.624
1138,11,1,8,94,2.833213344056216,18,93,5,3.78,0,43.942
1139,7,4,8,89,2.1972245773362196,16,47,7,1.88,0,39.624
1140,10,0,30,91,2.833213344056216,29,47,5,2.8,0,35.56
1141,11,1,8,102,2.1972245773362196,5,75,5,2.4,0,39.624
1142,7,0,7,71,2.1972245773362196,16,47,5,1.48,0,33.782000000000004
1143,7,5,15,92,2.1972245773362196,16,100,7,2.59,0,39.624
1144,7,0,39,91,2.1972245773362196,16,47,5,1.48,0,33.782000000000004
1145,7,5,8,92,2.1972245773362196,16,100,7,2.0,0,39.624
1146,7,4,8,88,2.1972245773362196,16,47,7,1.26,0,31.75
1147,4,3,8,97,2.1972245773362196,16,72,5,2.18,0,39.624
1148,7,3,8,68,2.1972245773362196,16,47,7,1.88,0,39.624
1149,10,0,30,89,2.1972245773362196,16,47,5,1.27,0,35.56
1150,10,3,0,54,1.6094379124341003,10,47,4,1.9,1,39.624
1151,7,3,0,17,1.6094379124341003,26,13,5,1.86,1,39.624
1152,10,3,8,68,2.1972245773362196,10,21,4,2.32,1,39.624
1153,4,1,8,102,2.1972245773362196,10,78,5,2.62,0,39.624
1154,4,3,26,70,2.1972245773362196,16,73,5,2.04,0,39.624
1155,7,3,8,10,1.6094379124341003,16,6,5,1.91,1,39.624
1156,11,1,8,102,2.833213344056216,18,76,5,2.7,0,43.942
1157,10,4,8,91,2.5649493574615367,29,47,7,1.4,0,35.56
1158,10,3,8,68,2.1972245773362196,1,21,5,2.5,1,39.624
1159,7,0,39,91,2.1972245773362196,29,47,5,1.48,0,33.782000000000004
1160,10,4,8,91,2.1972245773362196,16,47,7,1.7,0,35.56
1161,11,1,8,92,2.833213344056216,18,91,5,1.7,0,35.56
1162,7,1,15,102,2.1972245773362196,10,75,5,2.62,1,39.624
1163,10,3,0,54,2.1972245773362196,10,47,5,2.2,1,39.624
1164,7,3,0,68,1.6094379124341003,26,47,4,2.1,1,39.624
1165,4,1,6,102,2.1972245773362196,5,76,5,2.62,0,39.624
1166,10,3,15,74,2.1972245773362196,16,53,5,1.95,0,39.624
1167,10,3,8,56,1.6094379124341003,10,67,5,2.2,1,39.624
1168,7,3,0,36,1.0986122886681098,23,41,5,1.44,1,35.56
1169,11,1,15,97,2.1972245773362196,10,75,5,2.2,1,39.624
1170,7,3,8,89,2.1972245773362196,16,47,5,1.96,1,39.624
1171,7,3,8,106,2.833213344056216,29,61,5,2.1,0,39.624
1172,2,3,0,34,1.6094379124341003,26,40,5,2.2,1,39.624
1173,10,3,0,68,1.6094379124341003,26,47,4,2.1,1,39.624
1174,10,3,8,97,2.1972245773362196,10,72,4,2.2,1,39.624
1175,2,3,8,59,1.6094379124341003,16,53,5,2.0,1,35.56
1176,10,3,8,89,1.6094379124341003,1,47,7,2.32,1,39.624
1177,10,1,15,92,2.833213344056216,29,87,5,3.31,0,39.624
1178,11,1,8,92,2.833213344056216,5,91,5,1.91,0,39.624
1179,7,3,0,58,1.6094379124341003,26,47,5,2.07,1,39.624
1180,10,0,30,68,2.1972245773362196,16,47,5,1.36,0,35.56
1181,10,4,8,97,1.9459101490553132,16,65,5,1.54,1,39.624
1182,4,3,8,97,2.1972245773362196,16,74,2,1.98,1,39.624
1183,0,3,0,39,1.6094379124341003,26,43,5,2.1,1,39.624
1184,7,3,15,92,1.9459101490553132,10,89,5,2.18,1,39.624
1185,2,1,15,92,2.1972245773362196,18,89,5,2.591,1,39.624
1186,4,0,7,97,2.833213344056216,29,53,5,2.09,0,39.624
1187,0,3,8,74,1.6094379124341003,16,72,5,2.23,1,39.624
1188,4,4,31,71,2.1972245773362196,16,47,2,1.23,0,33.782000000000004
1189,0,1,15,102,2.833213344056216,18,80,5,4.2,0,43.942
1190,10,1,15,77,2.1972245773362196,10,75,5,2.4,1,39.624
1191,15,0,29,117,1.6094379124341003,23,38,1,1.15,1,31.242
1192,7,3,0,74,1.6094379124341003,26,53,5,1.86,1,39.624
1193,1,4,22,43,2.1972245773362196,15,49,3,0.92,0,30.48
1194,4,0,13,74,2.1972245773362196,16,53,5,1.6,0,33.782000000000004
1195,7,3,15,102,2.5649493574615367,5,75,5,2.21,0,39.624
1196,10,3,0,56,1.6094379124341003,10,24,4,1.9,1,39.624
1197,2,1,15,92,2.833213344056216,31,93,5,4.3,0,43.942
1198,0,3,0,39,1.6094379124341003,10,43,2,2.1,1,39.624
1199,11,1,8,102,2.833213344056216,18,79,5,2.43,0,43.942
1200,4,3,8,54,1.6094379124341003,4,29,5,2.3,1,39.624
1201,10,3,0,89,2.1972245773362196,26,66,4,2.2,1,39.624
1202,4,0,7,106,2.833213344056216,29,61,5,2.0,0,39.624
1203,4,4,31,97,2.833213344056216,29,53,5,1.2,0,33.782000000000004
1204,2,1,8,92,2.1972245773362196,10,79,5,2.2,0,39.624
1205,4,3,8,74,2.1972245773362196,16,30,5,2.36,1,39.624
1206,7,3,0,74,2.1972245773362196,16,53,5,1.91,1,39.624
1207,10,3,0,18,1.6094379124341003,26,13,5,2.2,1,39.624
1208,0,3,2,54,2.1972245773362196,10,72,5,3.3,1,43.942
1209,2,1,8,102,2.833213344056216,18,80,5,2.2,0,39.624
1210,1,4,22,44,2.1972245773362196,28,46,3,0.92,0,30.48
1211,2,3,8,102,2.833213344056216,5,79,5,2.2,0,39.624
1212,11,1,15,92,2.833213344056216,18,79,5,2.43,0,43.942
1213,4,0,13,74,2.1972245773362196,16,53,5,2.191,0,39.624
1214,2,1,8,102,2.833213344056216,18,79,5,2.9,0,43.942
1215,0,2,0,32,1.0986122886681098,25,40,1,1.3,1,29.464
1216,0,3,2,56,1.6094379124341003,10,72,5,3.3,1,43.942
1217,4,3,2,74,2.1972245773362196,10,53,4,2.8,1,43.942
1218,10,1,15,92,2.1972245773362196,5,88,5,2.6,0,39.624
1219,0,0,13,105,2.1972245773362196,16,52,5,1.2,0,35.56
1220,10,3,15,91,2.1972245773362196,16,47,5,2.3,0,39.624
1221,11,1,8,92,2.1972245773362196,5,79,5,2.2,0,39.624
1222,7,3,8,4,1.9459101490553132,10,7,5,2.1,1,39.624
1223,4,4,7,71,2.1972245773362196,16,47,7,1.26,0,31.75
1224,4,0,7,59,1.6094379124341003,26,53,5,2.08,1,38.1
1225,2,3,0,112,1.6094379124341003,10,42,5,2.65,1,39.624
1226,4,4,31,97,2.1972245773362196,16,53,5,1.29,0,33.782000000000004
1227,4,3,0,74,1.6094379124341003,10,47,2,2.18,1,39.624
1228,10,1,13,92,2.833213344056216,5,89,5,2.6,0,39.624
1229,11,1,8,102,2.1972245773362196,5,75,5,2.2,0,39.624
1230,10,2,13,88,2.833213344056216,29,47,5,1.3,0,31.75
1231,14,1,8,102,2.833213344056216,12,79,5,1.95,0,35.56
1232,4,3,36,59,2.1972245773362196,10,53,5,2.3,1,39.624
1233,11,1,8,102,2.833213344056216,18,79,5,2.7,0,43.942
1234,1,4,0,62,1.6094379124341003,15,51,3,1.08,0,29.464
1235,7,3,8,56,1.6094379124341003,10,47,5,2.1,1,39.624
1236,7,4,4,89,2.1972245773362196,16,47,7,1.54,0,35.56
1237,4,3,0,68,1.6094379124341003,26,47,7,2.24,1,39.624
1238,11,1,8,92,2.1972245773362196,5,89,5,2.3,0,39.624
1239,10,3,15,97,2.833213344056216,29,53,5,1.4,0,33.782000000000004
1240,10,3,8,5,1.9459101490553132,16,7,5,2.2,1,39.624
1241,2,4,8,89,2.1972245773362196,16,47,5,1.45,0,33.782000000000004
1242,0,3,0,54,1.6094379124341003,26,47,2,2.4,1,39.624
1243,4,0,7,97,2.833213344056216,29,72,5,2.77,0,43.942
1244,7,3,8,68,1.6094379124341003,16,47,7,1.54,0,35.56
1245,2,1,15,102,2.833213344056216,18,76,5,2.5,0,39.624
1246,4,3,0,74,1.6094379124341003,26,53,5,1.6,1,35.56
1247,2,1,15,92,2.833213344056216,18,80,5,2.34,0,39.624
1248,10,3,15,74,2.1972245773362196,16,53,4,2.3,1,39.624
1249,4,0,31,81,2.2383446513019924,16,52,5,1.24,0,33.782000000000004
1250,4,3,0,112,1.6094379124341003,26,40,2,2.2,1,39.624
1251,7,3,0,8,1.6094379124341003,26,16,5,1.86,1,39.624
1252,10,3,8,58,1.9459101490553132,4,66,5,2.4,1,39.624
1253,10,3,15,68,2.1972245773362196,16,47,5,1.9,0,35.56
1254,4,3,0,111,1.6094379124341003,26,40,5,2.2,1,39.624
1255,2,3,0,37,1.6094379124341003,10,43,5,2.0,1,39.624
1256,2,1,15,92,2.833213344056216,5,91,5,4.0,0,43.942
1257,4,3,0,56,1.6094379124341003,26,47,5,2.29,1,39.624
1258,10,3,8,89,2.1972245773362196,1,21,7,2.32,1,39.624
1259,11,1,8,92,2.1972245773362196,5,89,5,2.4,0,39.624
1260,10,0,7,68,1.6094379124341003,4,47,5,1.8,1,35.56
1261,2,4,15,45,2.1972245773362196,29,46,5,1.2,1,33.782000000000004
1262,4,3,0,59,1.9459101490553132,10,53,5,2.3,1,39.624
1263,0,3,0,36,1.6094379124341003,26,41,2,2.4,1,39.624
1264,4,3,0,34,1.0986122886681098,26,40,5,2.2,1,39.624
1265,10,3,15,92,2.1972245773362196,10,89,5,2.6,1,39.624
1266,7,3,8,12,1.9459101490553132,1,29,5,2.04,1,39.624
1267,4,3,0,97,2.1972245773362196,10,24,2,2.3,1,39.624
1268,7,2,0,36,1.0986122886681098,23,41,5,1.17,1,29.464
1269,2,3,0,89,1.6094379124341003,26,65,5,2.2,1,39.624
1270,10,0,13,89,1.6094379124341003,4,47,5,1.8,1,35.56
1271,10,0,19,89,2.833213344056216,29,47,5,1.3,0,33.782000000000004
1272,10,3,0,34,1.0986122886681098,35,40,5,1.5,1,35.56
1273,7,3,0,89,1.9459101490553132,10,21,5,2.19,1,39.624
1274,2,3,0,34,1.6094379124341003,26,40,5,2.2,1,39.624
1275,2,4,15,45,2.1972245773362196,29,46,5,1.2,1,33.782000000000004
1276,4,3,0,59,1.9459101490553132,10,53,5,2.3,1,39.624
1277,0,3,0,36,1.6094379124341003,26,41,2,2.4,1,39.624
1278,4,3,0,34,1.0986122886681098,26,40,5,2.2,1,39.624
1279,10,3,15,92,2.1972245773362196,10,89,5,2.6,1,39.624
1280,7,3,8,12,1.9459101490553132,1,29,5,2.04,1,39.624
1281,4,3,0,97,2.1972245773362196,10,24,2,2.3,1,39.624
1282,7,2,0,36,1.0986122886681098,23,41,5,1.17,1,29.464
1283,2,3,0,89,1.6094379124341003,26,65,5,2.2,1,39.624
1284,10,0,13,89,1.6094379124341003,4,47,5,1.8,1,35.56
1285,10,0,19,89,2.833213344056216,29,47,5,1.3,0,33.782000000000004
1286,10,3,0,34,1.0986122886681098,35,40,5,1.5,1,35.56
1287,7,3,0,89,1.9459101490553132,10,21,5,2.19,1,39.624
1288,2,3,0,34,1.6094379124341003,26,40,5,2.2,1,39.624
1289,2,4,15,45,2.1972245773362196,29,46,5,1.2,1,33.782000000000004
1290,4,3,0,59,1.9459101490553132,10,53,5,2.3,1,39.624
1291,0,3,0,36,1.6094379124341003,26,41,2,2.4,1,39.624
1292,4,3,0,34,1.0986122886681098,26,40,5,2.2,1,39.624
1293,10,3,15,92,2.2383446513019924,10,89,5,2.6,1,39.624
1294,7,3,8,12,1.9459101490553132,1,29,5,2.04,1,39.624
1295,4,3,0,97,2.1972245773362196,10,24,2,2.3,1,39.624
1296,7,2,0,36,1.0986122886681098,23,41,5,1.17,1,29.464
1297,2,3,0,89,1.6094379124341003,26,65,5,2.2,1,39.624
1298,10,0,13,89,1.6094379124341003,4,47,5,1.8,1,35.56
1299,10,0,19,89,2.833213344056216,29,47,5,1.3,0,33.782000000000004
1300,10,3,0,34,1.0986122886681098,35,40,5,1.5,1,35.56
1301,7,3,0,89,1.9459101490553132,10,21,5,2.19,1,39.624
1302,2,3,0,34,1.6094379124341003,26,40,5,2.2,1,39.624
